bench,combo,status,before_area,before_delay,after_area,after_delay,accepted,rejected,topk_hit_high,topk_hit_low,topk_hit_mid,reject_runtime,reject_delay,reject_area,thresh_name,weight_name,phyread_args,phyopt_args,log_file
c17,t_L025_H090__w_inv_pair,PASS,5.05,2.00,5.05,2.00,2,2,50.0,0.0,0.0,2,0,0,"t_L025_H090","w_inv_pair","-i 0.50 -p 0.40 -f 0.05 -g 0.05","-L 0.25 -H 0.90",/mnt/d/My_abc_work/abc/my_work/crossval_3x3_11cxx/results/run_20260401_143624/c17/c17_t_L025_H090__w_inv_pair.log
c17,t_L025_H090__w_base,PASS,5.05,2.00,5.05,2.00,2,2,50.0,0.0,0.0,2,0,0,"t_L025_H090","w_base","-i 0.40 -p 0.30 -f 0.20 -g 0.10","-L 0.25 -H 0.90",/mnt/d/My_abc_work/abc/my_work/crossval_3x3_11cxx/results/run_20260401_143624/c17/c17_t_L025_H090__w_base.log
c17,t_L025_H090__w_nogate,PASS,5.05,2.00,5.05,2.00,2,2,50.0,0.0,0.0,2,0,0,"t_L025_H090","w_nogate","-i 0.45 -p 0.35 -f 0.20 -g 0.00","-L 0.25 -H 0.90",/mnt/d/My_abc_work/abc/my_work/crossval_3x3_11cxx/results/run_20260401_143624/c17/c17_t_L025_H090__w_nogate.log
c17,t_L020_H090__w_inv_pair,PASS,5.05,2.00,5.05,2.00,2,2,50.0,0.0,0.0,2,0,0,"t_L020_H090","w_inv_pair","-i 0.50 -p 0.40 -f 0.05 -g 0.05","-L 0.20 -H 0.90",/mnt/d/My_abc_work/abc/my_work/crossval_3x3_11cxx/results/run_20260401_143624/c17/c17_t_L020_H090__w_inv_pair.log
c17,t_L020_H090__w_base,PASS,5.05,2.00,5.05,2.00,2,2,50.0,0.0,0.0,2,0,0,"t_L020_H090","w_base","-i 0.40 -p 0.30 -f 0.20 -g 0.10","-L 0.20 -H 0.90",/mnt/d/My_abc_work/abc/my_work/crossval_3x3_11cxx/results/run_20260401_143624/c17/c17_t_L020_H090__w_base.log
c17,t_L020_H090__w_nogate,PASS,5.05,2.00,5.05,2.00,2,2,50.0,0.0,0.0,2,0,0,"t_L020_H090","w_nogate","-i 0.45 -p 0.35 -f 0.20 -g 0.00","-L 0.20 -H 0.90",/mnt/d/My_abc_work/abc/my_work/crossval_3x3_11cxx/results/run_20260401_143624/c17/c17_t_L020_H090__w_nogate.log
c17,t_L025_H095__w_inv_pair,PASS,5.05,2.00,5.05,2.00,2,2,50.0,0.0,0.0,2,0,0,"t_L025_H095","w_inv_pair","-i 0.50 -p 0.40 -f 0.05 -g 0.05","-L 0.25 -H 0.95",/mnt/d/My_abc_work/abc/my_work/crossval_3x3_11cxx/results/run_20260401_143624/c17/c17_t_L025_H095__w_inv_pair.log
c17,t_L025_H095__w_base,PASS,5.05,2.00,5.05,2.00,2,2,50.0,0.0,0.0,2,0,0,"t_L025_H095","w_base","-i 0.40 -p 0.30 -f 0.20 -g 0.10","-L 0.25 -H 0.95",/mnt/d/My_abc_work/abc/my_work/crossval_3x3_11cxx/results/run_20260401_143624/c17/c17_t_L025_H095__w_base.log
c17,t_L025_H095__w_nogate,PASS,5.05,2.00,5.05,2.00,2,2,50.0,0.0,0.0,2,0,0,"t_L025_H095","w_nogate","-i 0.45 -p 0.35 -f 0.20 -g 0.00","-L 0.25 -H 0.95",/mnt/d/My_abc_work/abc/my_work/crossval_3x3_11cxx/results/run_20260401_143624/c17/c17_t_L025_H095__w_nogate.log
c432,t_L025_H090__w_inv_pair,PASS,138.85,14.00,97.62,14.00,16,63,40.0,20.0,25.0,10,5,27,"t_L025_H090","w_inv_pair","-i 0.50 -p 0.40 -f 0.05 -g 0.05","-L 0.25 -H 0.90",/mnt/d/My_abc_work/abc/my_work/crossval_3x3_11cxx/results/run_20260401_143624/c432/c432_t_L025_H090__w_inv_pair.log
c432,t_L025_H090__w_base,PASS,138.85,14.00,97.62,14.00,16,63,40.0,20.0,25.0,10,5,27,"t_L025_H090","w_base","-i 0.40 -p 0.30 -f 0.20 -g 0.10","-L 0.25 -H 0.90",/mnt/d/My_abc_work/abc/my_work/crossval_3x3_11cxx/results/run_20260401_143624/c432/c432_t_L025_H090__w_base.log
c432,t_L025_H090__w_nogate,PASS,138.85,14.00,104.80,13.00,11,70,40.0,20.0,0.0,5,13,33,"t_L025_H090","w_nogate","-i 0.45 -p 0.35 -f 0.20 -g 0.00","-L 0.25 -H 0.90",/mnt/d/My_abc_work/abc/my_work/crossval_3x3_11cxx/results/run_20260401_143624/c432/c432_t_L025_H090__w_nogate.log
c432,t_L020_H090__w_inv_pair,PASS,138.85,14.00,99.22,13.00,12,56,40.0,0.0,20.0,10,6,19,"t_L020_H090","w_inv_pair","-i 0.50 -p 0.40 -f 0.05 -g 0.05","-L 0.20 -H 0.90",/mnt/d/My_abc_work/abc/my_work/crossval_3x3_11cxx/results/run_20260401_143624/c432/c432_t_L020_H090__w_inv_pair.log
c432,t_L020_H090__w_base,PASS,138.85,14.00,99.22,13.00,12,56,40.0,0.0,20.0,10,6,19,"t_L020_H090","w_base","-i 0.40 -p 0.30 -f 0.20 -g 0.10","-L 0.20 -H 0.90",/mnt/d/My_abc_work/abc/my_work/crossval_3x3_11cxx/results/run_20260401_143624/c432/c432_t_L020_H090__w_base.log
c432,t_L020_H090__w_nogate,PASS,138.85,14.00,104.80,13.00,11,58,40.0,0.0,20.0,5,11,27,"t_L020_H090","w_nogate","-i 0.45 -p 0.35 -f 0.20 -g 0.00","-L 0.20 -H 0.90",/mnt/d/My_abc_work/abc/my_work/crossval_3x3_11cxx/results/run_20260401_143624/c432/c432_t_L020_H090__w_nogate.log
c432,t_L025_H095__w_inv_pair,PASS,138.85,14.00,92.83,14.00,10,67,25.0,40.0,0.0,24,4,20,"t_L025_H095","w_inv_pair","-i 0.50 -p 0.40 -f 0.05 -g 0.05","-L 0.25 -H 0.95",/mnt/d/My_abc_work/abc/my_work/crossval_3x3_11cxx/results/run_20260401_143624/c432/c432_t_L025_H095__w_inv_pair.log
c432,t_L025_H095__w_base,PASS,138.85,14.00,92.83,14.00,10,67,25.0,40.0,0.0,24,4,20,"t_L025_H095","w_base","-i 0.40 -p 0.30 -f 0.20 -g 0.10","-L 0.25 -H 0.95",/mnt/d/My_abc_work/abc/my_work/crossval_3x3_11cxx/results/run_20260401_143624/c432/c432_t_L025_H095__w_base.log
c432,t_L025_H095__w_nogate,PASS,138.85,14.00,92.83,14.00,10,67,25.0,40.0,0.0,24,4,20,"t_L025_H095","w_nogate","-i 0.45 -p 0.35 -f 0.20 -g 0.00","-L 0.25 -H 0.95",/mnt/d/My_abc_work/abc/my_work/crossval_3x3_11cxx/results/run_20260401_143624/c432/c432_t_L025_H095__w_nogate.log
c499,t_L025_H090__w_inv_pair,PASS,250.57,9.00,250.04,9.00,11,79,80.0,0.0,33.3,11,0,0,"t_L025_H090","w_inv_pair","-i 0.50 -p 0.40 -f 0.05 -g 0.05","-L 0.25 -H 0.90",/mnt/d/My_abc_work/abc/my_work/crossval_3x3_11cxx/results/run_20260401_143624/c499/c499_t_L025_H090__w_inv_pair.log
c499,t_L025_H090__w_base,PASS,250.57,9.00,250.04,9.00,11,79,80.0,0.0,33.3,11,0,0,"t_L025_H090","w_base","-i 0.40 -p 0.30 -f 0.20 -g 0.10","-L 0.25 -H 0.90",/mnt/d/My_abc_work/abc/my_work/crossval_3x3_11cxx/results/run_20260401_143624/c499/c499_t_L025_H090__w_base.log
c499,t_L025_H090__w_nogate,PASS,250.57,9.00,250.04,9.00,11,79,80.0,0.0,33.3,11,0,0,"t_L025_H090","w_nogate","-i 0.45 -p 0.35 -f 0.20 -g 0.00","-L 0.25 -H 0.90",/mnt/d/My_abc_work/abc/my_work/crossval_3x3_11cxx/results/run_20260401_143624/c499/c499_t_L025_H090__w_nogate.log
c499,t_L020_H090__w_inv_pair,PASS,250.57,9.00,250.57,9.00,10,66,80.0,0.0,0.0,0,0,0,"t_L020_H090","w_inv_pair","-i 0.50 -p 0.40 -f 0.05 -g 0.05","-L 0.20 -H 0.90",/mnt/d/My_abc_work/abc/my_work/crossval_3x3_11cxx/results/run_20260401_143624/c499/c499_t_L020_H090__w_inv_pair.log
c499,t_L020_H090__w_base,PASS,250.57,9.00,250.57,9.00,10,66,80.0,0.0,0.0,0,0,0,"t_L020_H090","w_base","-i 0.40 -p 0.30 -f 0.20 -g 0.10","-L 0.20 -H 0.90",/mnt/d/My_abc_work/abc/my_work/crossval_3x3_11cxx/results/run_20260401_143624/c499/c499_t_L020_H090__w_base.log
c499,t_L020_H090__w_nogate,PASS,250.57,9.00,250.57,9.00,10,66,80.0,0.0,0.0,0,0,0,"t_L020_H090","w_nogate","-i 0.45 -p 0.35 -f 0.20 -g 0.00","-L 0.20 -H 0.90",/mnt/d/My_abc_work/abc/my_work/crossval_3x3_11cxx/results/run_20260401_143624/c499/c499_t_L020_H090__w_nogate.log
c499,t_L025_H095__w_inv_pair,PASS,250.57,9.00,250.04,9.00,11,79,80.0,0.0,33.3,11,0,0,"t_L025_H095","w_inv_pair","-i 0.50 -p 0.40 -f 0.05 -g 0.05","-L 0.25 -H 0.95",/mnt/d/My_abc_work/abc/my_work/crossval_3x3_11cxx/results/run_20260401_143624/c499/c499_t_L025_H095__w_inv_pair.log
c499,t_L025_H095__w_base,PASS,250.57,9.00,250.04,9.00,11,79,80.0,0.0,33.3,11,0,0,"t_L025_H095","w_base","-i 0.40 -p 0.30 -f 0.20 -g 0.10","-L 0.25 -H 0.95",/mnt/d/My_abc_work/abc/my_work/crossval_3x3_11cxx/results/run_20260401_143624/c499/c499_t_L025_H095__w_base.log
c499,t_L025_H095__w_nogate,PASS,250.57,9.00,250.04,9.00,11,79,80.0,0.0,33.3,11,0,0,"t_L025_H095","w_nogate","-i 0.45 -p 0.35 -f 0.20 -g 0.00","-L 0.25 -H 0.95",/mnt/d/My_abc_work/abc/my_work/crossval_3x3_11cxx/results/run_20260401_143624/c499/c499_t_L025_H095__w_nogate.log
c880,t_L025_H090__w_inv_pair,PASS,210.67,12.00,200.30,12.00,15,51,25.0,0.0,0.0,24,1,24,"t_L025_H090","w_inv_pair","-i 0.50 -p 0.40 -f 0.05 -g 0.05","-L 0.25 -H 0.90",/mnt/d/My_abc_work/abc/my_work/crossval_3x3_11cxx/results/run_20260401_143624/c880/c880_t_L025_H090__w_inv_pair.log
c880,t_L025_H090__w_base,PASS,210.67,12.00,200.30,12.00,16,50,25.0,0.0,50.0,24,1,23,"t_L025_H090","w_base","-i 0.40 -p 0.30 -f 0.20 -g 0.10","-L 0.25 -H 0.90",/mnt/d/My_abc_work/abc/my_work/crossval_3x3_11cxx/results/run_20260401_143624/c880/c880_t_L025_H090__w_base.log
c880,t_L025_H090__w_nogate,PASS,210.67,12.00,200.30,12.00,15,51,25.0,0.0,0.0,24,1,23,"t_L025_H090","w_nogate","-i 0.45 -p 0.35 -f 0.20 -g 0.00","-L 0.25 -H 0.90",/mnt/d/My_abc_work/abc/my_work/crossval_3x3_11cxx/results/run_20260401_143624/c880/c880_t_L025_H090__w_nogate.log
c880,t_L020_H090__w_inv_pair,PASS,210.67,12.00,200.30,12.00,15,49,25.0,0.0,0.0,22,1,24,"t_L020_H090","w_inv_pair","-i 0.50 -p 0.40 -f 0.05 -g 0.05","-L 0.20 -H 0.90",/mnt/d/My_abc_work/abc/my_work/crossval_3x3_11cxx/results/run_20260401_143624/c880/c880_t_L020_H090__w_inv_pair.log
c880,t_L020_H090__w_base,PASS,210.67,12.00,200.30,12.00,16,48,25.0,0.0,50.0,22,1,23,"t_L020_H090","w_base","-i 0.40 -p 0.30 -f 0.20 -g 0.10","-L 0.20 -H 0.90",/mnt/d/My_abc_work/abc/my_work/crossval_3x3_11cxx/results/run_20260401_143624/c880/c880_t_L020_H090__w_base.log
c880,t_L020_H090__w_nogate,PASS,210.67,12.00,200.30,12.00,15,49,25.0,0.0,0.0,23,1,23,"t_L020_H090","w_nogate","-i 0.45 -p 0.35 -f 0.20 -g 0.00","-L 0.20 -H 0.90",/mnt/d/My_abc_work/abc/my_work/crossval_3x3_11cxx/results/run_20260401_143624/c880/c880_t_L020_H090__w_nogate.log
c880,t_L025_H095__w_inv_pair,PASS,210.67,12.00,206.15,11.00,16,51,40.0,0.0,0.0,24,3,16,"t_L025_H095","w_inv_pair","-i 0.50 -p 0.40 -f 0.05 -g 0.05","-L 0.25 -H 0.95",/mnt/d/My_abc_work/abc/my_work/crossval_3x3_11cxx/results/run_20260401_143624/c880/c880_t_L025_H095__w_inv_pair.log
c880,t_L025_H095__w_base,PASS,210.67,12.00,206.15,11.00,16,51,40.0,0.0,50.0,24,3,16,"t_L025_H095","w_base","-i 0.40 -p 0.30 -f 0.20 -g 0.10","-L 0.25 -H 0.95",/mnt/d/My_abc_work/abc/my_work/crossval_3x3_11cxx/results/run_20260401_143624/c880/c880_t_L025_H095__w_base.log
c880,t_L025_H095__w_nogate,PASS,210.67,12.00,206.15,11.00,16,51,40.0,0.0,0.0,24,3,16,"t_L025_H095","w_nogate","-i 0.45 -p 0.35 -f 0.20 -g 0.00","-L 0.25 -H 0.95",/mnt/d/My_abc_work/abc/my_work/crossval_3x3_11cxx/results/run_20260401_143624/c880/c880_t_L025_H095__w_nogate.log
c1355,t_L025_H090__w_inv_pair,PASS,250.57,9.00,248.98,9.00,17,49,60.0,0.0,0.0,2,0,2,"t_L025_H090","w_inv_pair","-i 0.50 -p 0.40 -f 0.05 -g 0.05","-L 0.25 -H 0.90",/mnt/d/My_abc_work/abc/my_work/crossval_3x3_11cxx/results/run_20260401_143624/c1355/c1355_t_L025_H090__w_inv_pair.log
c1355,t_L025_H090__w_base,PASS,250.57,9.00,248.98,9.00,17,51,60.0,0.0,0.0,2,0,2,"t_L025_H090","w_base","-i 0.40 -p 0.30 -f 0.20 -g 0.10","-L 0.25 -H 0.90",/mnt/d/My_abc_work/abc/my_work/crossval_3x3_11cxx/results/run_20260401_143624/c1355/c1355_t_L025_H090__w_base.log
c1355,t_L025_H090__w_nogate,PASS,250.57,9.00,248.98,9.00,17,51,60.0,0.0,0.0,2,0,2,"t_L025_H090","w_nogate","-i 0.45 -p 0.35 -f 0.20 -g 0.00","-L 0.25 -H 0.90",/mnt/d/My_abc_work/abc/my_work/crossval_3x3_11cxx/results/run_20260401_143624/c1355/c1355_t_L025_H090__w_nogate.log
c1355,t_L020_H090__w_inv_pair,PASS,250.57,9.00,250.04,9.00,17,49,60.0,0.0,0.0,0,0,0,"t_L020_H090","w_inv_pair","-i 0.50 -p 0.40 -f 0.05 -g 0.05","-L 0.20 -H 0.90",/mnt/d/My_abc_work/abc/my_work/crossval_3x3_11cxx/results/run_20260401_143624/c1355/c1355_t_L020_H090__w_inv_pair.log
c1355,t_L020_H090__w_base,PASS,250.57,9.00,250.04,9.00,17,49,60.0,0.0,0.0,0,0,0,"t_L020_H090","w_base","-i 0.40 -p 0.30 -f 0.20 -g 0.10","-L 0.20 -H 0.90",/mnt/d/My_abc_work/abc/my_work/crossval_3x3_11cxx/results/run_20260401_143624/c1355/c1355_t_L020_H090__w_base.log
c1355,t_L020_H090__w_nogate,PASS,250.57,9.00,250.04,9.00,17,49,60.0,0.0,0.0,0,0,0,"t_L020_H090","w_nogate","-i 0.45 -p 0.35 -f 0.20 -g 0.00","-L 0.20 -H 0.90",/mnt/d/My_abc_work/abc/my_work/crossval_3x3_11cxx/results/run_20260401_143624/c1355/c1355_t_L020_H090__w_nogate.log
c1355,t_L025_H095__w_inv_pair,PASS,250.57,9.00,248.98,9.00,17,49,60.0,0.0,0.0,2,0,2,"t_L025_H095","w_inv_pair","-i 0.50 -p 0.40 -f 0.05 -g 0.05","-L 0.25 -H 0.95",/mnt/d/My_abc_work/abc/my_work/crossval_3x3_11cxx/results/run_20260401_143624/c1355/c1355_t_L025_H095__w_inv_pair.log
c1355,t_L025_H095__w_base,PASS,250.57,9.00,248.98,9.00,17,51,60.0,0.0,0.0,2,0,2,"t_L025_H095","w_base","-i 0.40 -p 0.30 -f 0.20 -g 0.10","-L 0.25 -H 0.95",/mnt/d/My_abc_work/abc/my_work/crossval_3x3_11cxx/results/run_20260401_143624/c1355/c1355_t_L025_H095__w_base.log
c1355,t_L025_H095__w_nogate,PASS,250.57,9.00,248.98,9.00,17,51,60.0,0.0,0.0,2,0,2,"t_L025_H095","w_nogate","-i 0.45 -p 0.35 -f 0.20 -g 0.00","-L 0.25 -H 0.95",/mnt/d/My_abc_work/abc/my_work/crossval_3x3_11cxx/results/run_20260401_143624/c1355/c1355_t_L025_H095__w_nogate.log
c1908,t_L025_H090__w_inv_pair,PASS,209.08,13.00,181.15,11.00,16,57,80.0,0.0,40.0,24,0,17,"t_L025_H090","w_inv_pair","-i 0.50 -p 0.40 -f 0.05 -g 0.05","-L 0.25 -H 0.90",/mnt/d/My_abc_work/abc/my_work/crossval_3x3_11cxx/results/run_20260401_143624/c1908/c1908_t_L025_H090__w_inv_pair.log
c1908,t_L025_H090__w_base,PASS,209.08,13.00,181.68,11.00,15,58,80.0,0.0,40.0,24,0,20,"t_L025_H090","w_base","-i 0.40 -p 0.30 -f 0.20 -g 0.10","-L 0.25 -H 0.90",/mnt/d/My_abc_work/abc/my_work/crossval_3x3_11cxx/results/run_20260401_143624/c1908/c1908_t_L025_H090__w_base.log
c1908,t_L025_H090__w_nogate,PASS,209.08,13.00,181.15,11.00,16,57,80.0,0.0,40.0,24,0,17,"t_L025_H090","w_nogate","-i 0.45 -p 0.35 -f 0.20 -g 0.00","-L 0.25 -H 0.90",/mnt/d/My_abc_work/abc/my_work/crossval_3x3_11cxx/results/run_20260401_143624/c1908/c1908_t_L025_H090__w_nogate.log
c1908,t_L020_H090__w_inv_pair,PASS,209.08,13.00,181.15,11.00,16,55,80.0,0.0,40.0,24,0,16,"t_L020_H090","w_inv_pair","-i 0.50 -p 0.40 -f 0.05 -g 0.05","-L 0.20 -H 0.90",/mnt/d/My_abc_work/abc/my_work/crossval_3x3_11cxx/results/run_20260401_143624/c1908/c1908_t_L020_H090__w_inv_pair.log
c1908,t_L020_H090__w_base,PASS,209.08,13.00,181.68,11.00,15,56,80.0,0.0,40.0,24,0,19,"t_L020_H090","w_base","-i 0.40 -p 0.30 -f 0.20 -g 0.10","-L 0.20 -H 0.90",/mnt/d/My_abc_work/abc/my_work/crossval_3x3_11cxx/results/run_20260401_143624/c1908/c1908_t_L020_H090__w_base.log
c1908,t_L020_H090__w_nogate,PASS,209.08,13.00,181.15,11.00,16,55,80.0,0.0,40.0,24,0,16,"t_L020_H090","w_nogate","-i 0.45 -p 0.35 -f 0.20 -g 0.00","-L 0.20 -H 0.90",/mnt/d/My_abc_work/abc/my_work/crossval_3x3_11cxx/results/run_20260401_143624/c1908/c1908_t_L020_H090__w_nogate.log
c1908,t_L025_H095__w_inv_pair,PASS,209.08,13.00,183.81,11.00,12,57,80.0,0.0,20.0,26,0,14,"t_L025_H095","w_inv_pair","-i 0.50 -p 0.40 -f 0.05 -g 0.05","-L 0.25 -H 0.95",/mnt/d/My_abc_work/abc/my_work/crossval_3x3_11cxx/results/run_20260401_143624/c1908/c1908_t_L025_H095__w_inv_pair.log
c1908,t_L025_H095__w_base,PASS,209.08,13.00,183.81,11.00,12,57,80.0,0.0,20.0,26,1,14,"t_L025_H095","w_base","-i 0.40 -p 0.30 -f 0.20 -g 0.10","-L 0.25 -H 0.95",/mnt/d/My_abc_work/abc/my_work/crossval_3x3_11cxx/results/run_20260401_143624/c1908/c1908_t_L025_H095__w_base.log
c1908,t_L025_H095__w_nogate,PASS,209.08,13.00,183.81,11.00,12,57,80.0,0.0,20.0,26,0,14,"t_L025_H095","w_nogate","-i 0.45 -p 0.35 -f 0.20 -g 0.00","-L 0.25 -H 0.95",/mnt/d/My_abc_work/abc/my_work/crossval_3x3_11cxx/results/run_20260401_143624/c1908/c1908_t_L025_H095__w_nogate.log
c2670,t_L025_H090__w_inv_pair,PASS,454.59,10.00,391.82,10.00,16,44,60.0,25.0,25.0,15,0,24,"t_L025_H090","w_inv_pair","-i 0.50 -p 0.40 -f 0.05 -g 0.05","-L 0.25 -H 0.90",/mnt/d/My_abc_work/abc/my_work/crossval_3x3_11cxx/results/run_20260401_143624/c2670/c2670_t_L025_H090__w_inv_pair.log
c2670,t_L025_H090__w_base,PASS,454.59,10.00,391.82,10.00,16,44,60.0,25.0,25.0,15,0,24,"t_L025_H090","w_base","-i 0.40 -p 0.30 -f 0.20 -g 0.10","-L 0.25 -H 0.90",/mnt/d/My_abc_work/abc/my_work/crossval_3x3_11cxx/results/run_20260401_143624/c2670/c2670_t_L025_H090__w_base.log
c2670,t_L025_H090__w_nogate,PASS,454.59,10.00,391.55,10.00,17,43,60.0,25.0,25.0,15,0,23,"t_L025_H090","w_nogate","-i 0.45 -p 0.35 -f 0.20 -g 0.00","-L 0.25 -H 0.90",/mnt/d/My_abc_work/abc/my_work/crossval_3x3_11cxx/results/run_20260401_143624/c2670/c2670_t_L025_H090__w_nogate.log
c2670,t_L020_H090__w_inv_pair,PASS,454.59,10.00,391.82,10.00,16,44,60.0,25.0,25.0,15,0,24,"t_L020_H090","w_inv_pair","-i 0.50 -p 0.40 -f 0.05 -g 0.05","-L 0.20 -H 0.90",/mnt/d/My_abc_work/abc/my_work/crossval_3x3_11cxx/results/run_20260401_143624/c2670/c2670_t_L020_H090__w_inv_pair.log
c2670,t_L020_H090__w_base,PASS,454.59,10.00,391.82,10.00,16,44,60.0,25.0,25.0,15,0,24,"t_L020_H090","w_base","-i 0.40 -p 0.30 -f 0.20 -g 0.10","-L 0.20 -H 0.90",/mnt/d/My_abc_work/abc/my_work/crossval_3x3_11cxx/results/run_20260401_143624/c2670/c2670_t_L020_H090__w_base.log
c2670,t_L020_H090__w_nogate,PASS,454.59,10.00,391.55,10.00,17,43,60.0,25.0,25.0,15,0,23,"t_L020_H090","w_nogate","-i 0.45 -p 0.35 -f 0.20 -g 0.00","-L 0.20 -H 0.90",/mnt/d/My_abc_work/abc/my_work/crossval_3x3_11cxx/results/run_20260401_143624/c2670/c2670_t_L020_H090__w_nogate.log
c2670,t_L025_H095__w_inv_pair,PASS,454.59,10.00,402.19,10.00,25,39,100.0,0.0,50.0,16,0,11,"t_L025_H095","w_inv_pair","-i 0.50 -p 0.40 -f 0.05 -g 0.05","-L 0.25 -H 0.95",/mnt/d/My_abc_work/abc/my_work/crossval_3x3_11cxx/results/run_20260401_143624/c2670/c2670_t_L025_H095__w_inv_pair.log
c2670,t_L025_H095__w_base,PASS,454.59,10.00,402.19,10.00,25,39,100.0,0.0,50.0,16,0,11,"t_L025_H095","w_base","-i 0.40 -p 0.30 -f 0.20 -g 0.10","-L 0.25 -H 0.95",/mnt/d/My_abc_work/abc/my_work/crossval_3x3_11cxx/results/run_20260401_143624/c2670/c2670_t_L025_H095__w_base.log
c2670,t_L025_H095__w_nogate,PASS,454.59,10.00,402.19,10.00,25,39,100.0,0.0,50.0,16,0,11,"t_L025_H095","w_nogate","-i 0.45 -p 0.35 -f 0.20 -g 0.00","-L 0.25 -H 0.95",/mnt/d/My_abc_work/abc/my_work/crossval_3x3_11cxx/results/run_20260401_143624/c2670/c2670_t_L025_H095__w_nogate.log
c3540,t_L025_H090__w_inv_pair,PASS,628.56,18.00,574.56,18.00,16,43,60.0,50.0,40.0,12,0,27,"t_L025_H090","w_inv_pair","-i 0.50 -p 0.40 -f 0.05 -g 0.05","-L 0.25 -H 0.90",/mnt/d/My_abc_work/abc/my_work/crossval_3x3_11cxx/results/run_20260401_143624/c3540/c3540_t_L025_H090__w_inv_pair.log
c3540,t_L025_H090__w_base,PASS,628.56,18.00,574.56,18.00,16,43,60.0,50.0,40.0,12,0,27,"t_L025_H090","w_base","-i 0.40 -p 0.30 -f 0.20 -g 0.10","-L 0.25 -H 0.90",/mnt/d/My_abc_work/abc/my_work/crossval_3x3_11cxx/results/run_20260401_143624/c3540/c3540_t_L025_H090__w_base.log
c3540,t_L025_H090__w_nogate,PASS,628.56,18.00,567.38,18.00,12,51,60.0,0.0,20.0,12,0,33,"t_L025_H090","w_nogate","-i 0.45 -p 0.35 -f 0.20 -g 0.00","-L 0.25 -H 0.90",/mnt/d/My_abc_work/abc/my_work/crossval_3x3_11cxx/results/run_20260401_143624/c3540/c3540_t_L025_H090__w_nogate.log
c3540,t_L020_H090__w_inv_pair,PASS,628.56,18.00,574.56,18.00,16,43,60.0,50.0,40.0,12,0,27,"t_L020_H090","w_inv_pair","-i 0.50 -p 0.40 -f 0.05 -g 0.05","-L 0.20 -H 0.90",/mnt/d/My_abc_work/abc/my_work/crossval_3x3_11cxx/results/run_20260401_143624/c3540/c3540_t_L020_H090__w_inv_pair.log
c3540,t_L020_H090__w_base,PASS,628.56,18.00,574.56,18.00,16,43,60.0,50.0,40.0,12,0,27,"t_L020_H090","w_base","-i 0.40 -p 0.30 -f 0.20 -g 0.10","-L 0.20 -H 0.90",/mnt/d/My_abc_work/abc/my_work/crossval_3x3_11cxx/results/run_20260401_143624/c3540/c3540_t_L020_H090__w_base.log
c3540,t_L020_H090__w_nogate,PASS,628.56,18.00,567.38,18.00,12,51,60.0,0.0,20.0,12,0,33,"t_L020_H090","w_nogate","-i 0.45 -p 0.35 -f 0.20 -g 0.00","-L 0.20 -H 0.90",/mnt/d/My_abc_work/abc/my_work/crossval_3x3_11cxx/results/run_20260401_143624/c3540/c3540_t_L020_H090__w_nogate.log
c3540,t_L025_H095__w_inv_pair,PASS,628.56,18.00,568.18,18.00,13,51,80.0,0.0,0.0,13,2,26,"t_L025_H095","w_inv_pair","-i 0.50 -p 0.40 -f 0.05 -g 0.05","-L 0.25 -H 0.95",/mnt/d/My_abc_work/abc/my_work/crossval_3x3_11cxx/results/run_20260401_143624/c3540/c3540_t_L025_H095__w_inv_pair.log
c3540,t_L025_H095__w_base,PASS,628.56,18.00,568.18,18.00,13,51,80.0,0.0,0.0,13,2,26,"t_L025_H095","w_base","-i 0.40 -p 0.30 -f 0.20 -g 0.10","-L 0.25 -H 0.95",/mnt/d/My_abc_work/abc/my_work/crossval_3x3_11cxx/results/run_20260401_143624/c3540/c3540_t_L025_H095__w_base.log
c3540,t_L025_H095__w_nogate,PASS,628.56,18.00,593.71,17.00,18,41,80.0,100.0,0.0,13,0,23,"t_L025_H095","w_nogate","-i 0.45 -p 0.35 -f 0.20 -g 0.00","-L 0.25 -H 0.95",/mnt/d/My_abc_work/abc/my_work/crossval_3x3_11cxx/results/run_20260401_143624/c3540/c3540_t_L025_H095__w_nogate.log
c5315,t_L025_H090__w_inv_pair,PASS,1158.96,18.00,1002.29,18.00,24,65,100.0,0.0,0.0,58,0,5,"t_L025_H090","w_inv_pair","-i 0.50 -p 0.40 -f 0.05 -g 0.05","-L 0.25 -H 0.90",/mnt/d/My_abc_work/abc/my_work/crossval_3x3_11cxx/results/run_20260401_143624/c5315/c5315_t_L025_H090__w_inv_pair.log
c5315,t_L025_H090__w_base,PASS,1158.96,18.00,1002.29,18.00,24,65,100.0,0.0,0.0,58,0,5,"t_L025_H090","w_base","-i 0.40 -p 0.30 -f 0.20 -g 0.10","-L 0.25 -H 0.90",/mnt/d/My_abc_work/abc/my_work/crossval_3x3_11cxx/results/run_20260401_143624/c5315/c5315_t_L025_H090__w_base.log
c5315,t_L025_H090__w_nogate,PASS,1158.96,18.00,1002.29,18.00,24,65,100.0,0.0,0.0,58,0,5,"t_L025_H090","w_nogate","-i 0.45 -p 0.35 -f 0.20 -g 0.00","-L 0.25 -H 0.90",/mnt/d/My_abc_work/abc/my_work/crossval_3x3_11cxx/results/run_20260401_143624/c5315/c5315_t_L025_H090__w_nogate.log
c5315,t_L020_H090__w_inv_pair,PASS,1158.96,18.00,1002.29,18.00,24,61,100.0,0.0,0.0,54,0,5,"t_L020_H090","w_inv_pair","-i 0.50 -p 0.40 -f 0.05 -g 0.05","-L 0.20 -H 0.90",/mnt/d/My_abc_work/abc/my_work/crossval_3x3_11cxx/results/run_20260401_143624/c5315/c5315_t_L020_H090__w_inv_pair.log
c5315,t_L020_H090__w_base,PASS,1158.96,18.00,1002.29,18.00,24,61,100.0,0.0,0.0,54,0,5,"t_L020_H090","w_base","-i 0.40 -p 0.30 -f 0.20 -g 0.10","-L 0.20 -H 0.90",/mnt/d/My_abc_work/abc/my_work/crossval_3x3_11cxx/results/run_20260401_143624/c5315/c5315_t_L020_H090__w_base.log
c5315,t_L020_H090__w_nogate,PASS,1158.96,18.00,1002.29,18.00,24,61,100.0,0.0,0.0,54,0,5,"t_L020_H090","w_nogate","-i 0.45 -p 0.35 -f 0.20 -g 0.00","-L 0.20 -H 0.90",/mnt/d/My_abc_work/abc/my_work/crossval_3x3_11cxx/results/run_20260401_143624/c5315/c5315_t_L020_H090__w_nogate.log
c5315,t_L025_H095__w_inv_pair,PASS,1158.96,18.00,1012.40,18.00,18,70,40.0,0.0,0.0,65,0,4,"t_L025_H095","w_inv_pair","-i 0.50 -p 0.40 -f 0.05 -g 0.05","-L 0.25 -H 0.95",/mnt/d/My_abc_work/abc/my_work/crossval_3x3_11cxx/results/run_20260401_143624/c5315/c5315_t_L025_H095__w_inv_pair.log
c5315,t_L025_H095__w_base,PASS,1158.96,18.00,1012.40,18.00,18,70,40.0,0.0,0.0,65,0,4,"t_L025_H095","w_base","-i 0.40 -p 0.30 -f 0.20 -g 0.10","-L 0.25 -H 0.95",/mnt/d/My_abc_work/abc/my_work/crossval_3x3_11cxx/results/run_20260401_143624/c5315/c5315_t_L025_H095__w_base.log
c5315,t_L025_H095__w_nogate,PASS,1158.96,18.00,1012.40,18.00,18,70,40.0,0.0,0.0,65,0,4,"t_L025_H095","w_nogate","-i 0.45 -p 0.35 -f 0.20 -g 0.00","-L 0.25 -H 0.95",/mnt/d/My_abc_work/abc/my_work/crossval_3x3_11cxx/results/run_20260401_143624/c5315/c5315_t_L025_H095__w_nogate.log
c6288,t_L025_H090__w_inv_pair,PASS,2283.08,45.00,1401.82,45.00,15,73,60.0,0.0,0.0,7,1,27,"t_L025_H090","w_inv_pair","-i 0.50 -p 0.40 -f 0.05 -g 0.05","-L 0.25 -H 0.90",/mnt/d/My_abc_work/abc/my_work/crossval_3x3_11cxx/results/run_20260401_143624/c6288/c6288_t_L025_H090__w_inv_pair.log
c6288,t_L025_H090__w_base,PASS,2283.08,45.00,1401.82,45.00,15,73,60.0,0.0,0.0,7,1,27,"t_L025_H090","w_base","-i 0.40 -p 0.30 -f 0.20 -g 0.10","-L 0.25 -H 0.90",/mnt/d/My_abc_work/abc/my_work/crossval_3x3_11cxx/results/run_20260401_143624/c6288/c6288_t_L025_H090__w_base.log
c6288,t_L025_H090__w_nogate,PASS,2283.08,45.00,1401.82,45.00,15,73,60.0,0.0,0.0,7,1,27,"t_L025_H090","w_nogate","-i 0.45 -p 0.35 -f 0.20 -g 0.00","-L 0.25 -H 0.90",/mnt/d/My_abc_work/abc/my_work/crossval_3x3_11cxx/results/run_20260401_143624/c6288/c6288_t_L025_H090__w_nogate.log
c6288,t_L020_H090__w_inv_pair,PASS,2283.08,45.00,1401.02,45.00,17,61,60.0,0.0,0.0,7,1,24,"t_L020_H090","w_inv_pair","-i 0.50 -p 0.40 -f 0.05 -g 0.05","-L 0.20 -H 0.90",/mnt/d/My_abc_work/abc/my_work/crossval_3x3_11cxx/results/run_20260401_143624/c6288/c6288_t_L020_H090__w_inv_pair.log
c6288,t_L020_H090__w_base,PASS,2283.08,45.00,1401.02,45.00,17,61,60.0,0.0,0.0,7,1,24,"t_L020_H090","w_base","-i 0.40 -p 0.30 -f 0.20 -g 0.10","-L 0.20 -H 0.90",/mnt/d/My_abc_work/abc/my_work/crossval_3x3_11cxx/results/run_20260401_143624/c6288/c6288_t_L020_H090__w_base.log
c6288,t_L020_H090__w_nogate,PASS,2283.08,45.00,1401.02,45.00,17,61,60.0,0.0,0.0,7,1,24,"t_L020_H090","w_nogate","-i 0.45 -p 0.35 -f 0.20 -g 0.00","-L 0.20 -H 0.90",/mnt/d/My_abc_work/abc/my_work/crossval_3x3_11cxx/results/run_20260401_143624/c6288/c6288_t_L020_H090__w_nogate.log
c6288,t_L025_H095__w_inv_pair,PASS,2283.08,45.00,1408.74,45.00,18,70,100.0,0.0,0.0,9,1,33,"t_L025_H095","w_inv_pair","-i 0.50 -p 0.40 -f 0.05 -g 0.05","-L 0.25 -H 0.95",/mnt/d/My_abc_work/abc/my_work/crossval_3x3_11cxx/results/run_20260401_143624/c6288/c6288_t_L025_H095__w_inv_pair.log
c6288,t_L025_H095__w_base,PASS,2283.08,45.00,1408.74,45.00,18,70,100.0,0.0,0.0,9,1,33,"t_L025_H095","w_base","-i 0.40 -p 0.30 -f 0.20 -g 0.10","-L 0.25 -H 0.95",/mnt/d/My_abc_work/abc/my_work/crossval_3x3_11cxx/results/run_20260401_143624/c6288/c6288_t_L025_H095__w_base.log
c6288,t_L025_H095__w_nogate,PASS,2283.08,45.00,1408.74,45.00,18,70,100.0,0.0,0.0,9,1,33,"t_L025_H095","w_nogate","-i 0.45 -p 0.35 -f 0.20 -g 0.00","-L 0.25 -H 0.95",/mnt/d/My_abc_work/abc/my_work/crossval_3x3_11cxx/results/run_20260401_143624/c6288/c6288_t_L025_H095__w_nogate.log
c7552,t_L025_H090__w_inv_pair,PASS,1061.34,13.00,1024.37,13.00,13,66,40.0,0.0,0.0,24,5,31,"t_L025_H090","w_inv_pair","-i 0.50 -p 0.40 -f 0.05 -g 0.05","-L 0.25 -H 0.90",/mnt/d/My_abc_work/abc/my_work/crossval_3x3_11cxx/results/run_20260401_143624/c7552/c7552_t_L025_H090__w_inv_pair.log
c7552,t_L025_H090__w_base,PASS,1061.34,13.00,1026.76,13.00,12,68,40.0,0.0,0.0,24,5,31,"t_L025_H090","w_base","-i 0.40 -p 0.30 -f 0.20 -g 0.10","-L 0.25 -H 0.90",/mnt/d/My_abc_work/abc/my_work/crossval_3x3_11cxx/results/run_20260401_143624/c7552/c7552_t_L025_H090__w_base.log
c7552,t_L025_H090__w_nogate,PASS,1061.34,13.00,1024.37,13.00,13,66,40.0,0.0,0.0,24,5,31,"t_L025_H090","w_nogate","-i 0.45 -p 0.35 -f 0.20 -g 0.00","-L 0.25 -H 0.90",/mnt/d/My_abc_work/abc/my_work/crossval_3x3_11cxx/results/run_20260401_143624/c7552/c7552_t_L025_H090__w_nogate.log
c7552,t_L020_H090__w_inv_pair,PASS,1061.34,13.00,1024.37,13.00,13,65,40.0,0.0,0.0,24,5,30,"t_L020_H090","w_inv_pair","-i 0.50 -p 0.40 -f 0.05 -g 0.05","-L 0.20 -H 0.90",/mnt/d/My_abc_work/abc/my_work/crossval_3x3_11cxx/results/run_20260401_143624/c7552/c7552_t_L020_H090__w_inv_pair.log
c7552,t_L020_H090__w_base,PASS,1061.34,13.00,1026.76,13.00,12,67,40.0,0.0,0.0,24,5,30,"t_L020_H090","w_base","-i 0.40 -p 0.30 -f 0.20 -g 0.10","-L 0.20 -H 0.90",/mnt/d/My_abc_work/abc/my_work/crossval_3x3_11cxx/results/run_20260401_143624/c7552/c7552_t_L020_H090__w_base.log
c7552,t_L020_H090__w_nogate,PASS,1061.34,13.00,1024.37,13.00,13,65,40.0,0.0,0.0,24,5,30,"t_L020_H090","w_nogate","-i 0.45 -p 0.35 -f 0.20 -g 0.00","-L 0.20 -H 0.90",/mnt/d/My_abc_work/abc/my_work/crossval_3x3_11cxx/results/run_20260401_143624/c7552/c7552_t_L020_H090__w_nogate.log
c7552,t_L025_H095__w_inv_pair,PASS,1061.34,13.00,1038.73,13.00,14,63,60.0,0.0,0.0,24,0,18,"t_L025_H095","w_inv_pair","-i 0.50 -p 0.40 -f 0.05 -g 0.05","-L 0.25 -H 0.95",/mnt/d/My_abc_work/abc/my_work/crossval_3x3_11cxx/results/run_20260401_143624/c7552/c7552_t_L025_H095__w_inv_pair.log
c7552,t_L025_H095__w_base,PASS,1061.34,13.00,1038.73,13.00,14,63,60.0,0.0,0.0,24,0,19,"t_L025_H095","w_base","-i 0.40 -p 0.30 -f 0.20 -g 0.10","-L 0.25 -H 0.95",/mnt/d/My_abc_work/abc/my_work/crossval_3x3_11cxx/results/run_20260401_143624/c7552/c7552_t_L025_H095__w_base.log
c7552,t_L025_H095__w_nogate,PASS,1061.34,13.00,1038.73,13.00,14,63,60.0,0.0,0.0,24,0,18,"t_L025_H095","w_nogate","-i 0.45 -p 0.35 -f 0.20 -g 0.00","-L 0.25 -H 0.95",/mnt/d/My_abc_work/abc/my_work/crossval_3x3_11cxx/results/run_20260401_143624/c7552/c7552_t_L025_H095__w_nogate.log
