bench,algo,generation,avg_best_area
br1,PSO,1,16.9
br1,GA,1,19.9
br1,ABC,1,16
br1,SMABC,1,10
br1,PSO,2,15
br1,GA,2,13
br1,ABC,2,12
br1,SMABC,2,10
br1,PSO,3,15
br1,GA,3,11
br1,ABC,3,10
br1,SMABC,3,10
br1,PSO,4,14
br1,GA,4,10
br1,ABC,4,10
br1,SMABC,4,10
br1,PSO,5,12
br1,GA,5,10
br1,ABC,5,10
br1,SMABC,5,10
br1,PSO,6,12
br1,GA,6,10
br1,ABC,6,10
br1,SMABC,6,10
br1,PSO,7,11
br1,GA,7,10
br1,ABC,7,10
br1,SMABC,7,10
br1,PSO,8,11
br1,GA,8,10
br1,ABC,8,10
br1,SMABC,8,10
br1,PSO,9,11
br1,GA,9,10
br1,ABC,9,10
br1,SMABC,9,10
br1,PSO,10,11
br1,GA,10,10
br1,ABC,10,10
br1,SMABC,10,10
br1,PSO,11,11
br1,GA,11,10
br1,ABC,11,10
br1,SMABC,11,10
br1,PSO,12,11
br1,GA,12,10
br1,ABC,12,10
br1,SMABC,12,10
br1,PSO,13,10
br1,GA,13,10
br1,ABC,13,10
br1,SMABC,13,10
br1,PSO,14,10
br1,GA,14,10
br1,ABC,14,10
br1,SMABC,14,10
br1,PSO,15,10
br1,GA,15,10
br1,ABC,15,10
br1,SMABC,15,10
br1,PSO,16,10
br1,GA,16,10
br1,ABC,16,10
br1,SMABC,16,10
br1,PSO,17,10
br1,GA,17,10
br1,ABC,17,10
br1,SMABC,17,10
br1,PSO,18,10
br1,GA,18,10
br1,ABC,18,10
br1,SMABC,18,10
br1,PSO,19,10
br1,GA,19,10
br1,ABC,19,10
br1,SMABC,19,10
br1,PSO,20,10
br1,GA,20,10
br1,ABC,20,10
br1,SMABC,20,10
br1,PSO,21,10
br1,GA,21,10
br1,ABC,21,10
br1,SMABC,21,10
br1,PSO,22,10
br1,GA,22,10
br1,ABC,22,10
br1,SMABC,22,10
br1,PSO,23,10
br1,GA,23,10
br1,ABC,23,10
br1,SMABC,23,10
br1,PSO,24,10
br1,GA,24,10
br1,ABC,24,10
br1,SMABC,24,10
br1,PSO,25,10
br1,GA,25,10
br1,ABC,25,10
br1,SMABC,25,10
br1,PSO,26,10
br1,GA,26,10
br1,ABC,26,10
br1,SMABC,26,10
br1,PSO,27,10
br1,GA,27,10
br1,ABC,27,10
br1,SMABC,27,10
br1,PSO,28,10
br1,GA,28,10
br1,ABC,28,10
br1,SMABC,28,10
br1,PSO,29,10
br1,GA,29,10
br1,ABC,29,10
br1,SMABC,29,10
br1,PSO,30,10
br1,GA,30,10
br1,ABC,30,10
br1,SMABC,30,10
br1,PSO,31,10
br1,GA,31,10
br1,ABC,31,10
br1,SMABC,31,10
br1,PSO,32,10
br1,GA,32,10
br1,ABC,32,10
br1,SMABC,32,10
br1,PSO,33,10
br1,GA,33,10
br1,ABC,33,10
br1,SMABC,33,10
br1,PSO,34,10
br1,GA,34,10
br1,ABC,34,10
br1,SMABC,34,10
br1,PSO,35,10
br1,GA,35,10
br1,ABC,35,10
br1,SMABC,35,10
br1,PSO,36,10
br1,GA,36,10
br1,ABC,36,10
br1,SMABC,36,10
br1,PSO,37,10
br1,GA,37,10
br1,ABC,37,10
br1,SMABC,37,10
br1,PSO,38,10
br1,GA,38,10
br1,ABC,38,10
br1,SMABC,38,10
br1,PSO,39,10
br1,GA,39,10
br1,ABC,39,10
br1,SMABC,39,10
br1,PSO,40,10
br1,GA,40,10
br1,ABC,40,10
br1,SMABC,40,10
br1,PSO,41,10
br1,GA,41,10
br1,ABC,41,10
br1,SMABC,41,10
br1,PSO,42,10
br1,GA,42,10
br1,ABC,42,10
br1,SMABC,42,10
br1,PSO,43,10
br1,GA,43,10
br1,ABC,43,10
br1,SMABC,43,10
br1,PSO,44,10
br1,GA,44,10
br1,ABC,44,10
br1,SMABC,44,10
br1,PSO,45,10
br1,GA,45,10
br1,ABC,45,10
br1,SMABC,45,10
br1,PSO,46,10
br1,GA,46,10
br1,ABC,46,10
br1,SMABC,46,10
br1,PSO,47,10
br1,GA,47,10
br1,ABC,47,10
br1,SMABC,47,10
br1,PSO,48,10
br1,GA,48,10
br1,ABC,48,10
br1,SMABC,48,10
br1,PSO,49,10
br1,GA,49,10
br1,ABC,49,10
br1,SMABC,49,10
br1,PSO,50,10
br1,GA,50,10
br1,ABC,50,10
br1,SMABC,50,10
br2,PSO,1,18
br2,GA,1,21.8
br2,ABC,1,14
br2,SMABC,1,10
br2,PSO,2,16
br2,GA,2,15
br2,ABC,2,11
br2,SMABC,2,10
br2,PSO,3,15
br2,GA,3,11
br2,ABC,3,10
br2,SMABC,3,10
br2,PSO,4,13
br2,GA,4,10
br2,ABC,4,10
br2,SMABC,4,10
br2,PSO,5,12
br2,GA,5,10
br2,ABC,5,10
br2,SMABC,5,10
br2,PSO,6,11
br2,GA,6,10
br2,ABC,6,10
br2,SMABC,6,10
br2,PSO,7,11
br2,GA,7,10
br2,ABC,7,10
br2,SMABC,7,10
br2,PSO,8,10
br2,GA,8,10
br2,ABC,8,10
br2,SMABC,8,10
br2,PSO,9,10
br2,GA,9,10
br2,ABC,9,10
br2,SMABC,9,10
br2,PSO,10,10
br2,GA,10,10
br2,ABC,10,10
br2,SMABC,10,10
br2,PSO,11,10
br2,GA,11,10
br2,ABC,11,10
br2,SMABC,11,10
br2,PSO,12,10
br2,GA,12,10
br2,ABC,12,10
br2,SMABC,12,10
br2,PSO,13,10
br2,GA,13,10
br2,ABC,13,10
br2,SMABC,13,10
br2,PSO,14,10
br2,GA,14,10
br2,ABC,14,10
br2,SMABC,14,10
br2,PSO,15,10
br2,GA,15,10
br2,ABC,15,10
br2,SMABC,15,10
br2,PSO,16,10
br2,GA,16,10
br2,ABC,16,10
br2,SMABC,16,10
br2,PSO,17,10
br2,GA,17,10
br2,ABC,17,10
br2,SMABC,17,10
br2,PSO,18,10
br2,GA,18,10
br2,ABC,18,10
br2,SMABC,18,10
br2,PSO,19,10
br2,GA,19,10
br2,ABC,19,10
br2,SMABC,19,10
br2,PSO,20,10
br2,GA,20,10
br2,ABC,20,10
br2,SMABC,20,10
br2,PSO,21,10
br2,GA,21,10
br2,ABC,21,10
br2,SMABC,21,10
br2,PSO,22,10
br2,GA,22,10
br2,ABC,22,10
br2,SMABC,22,10
br2,PSO,23,10
br2,GA,23,10
br2,ABC,23,10
br2,SMABC,23,10
br2,PSO,24,10
br2,GA,24,10
br2,ABC,24,10
br2,SMABC,24,10
br2,PSO,25,10
br2,GA,25,10
br2,ABC,25,10
br2,SMABC,25,10
br2,PSO,26,10
br2,GA,26,10
br2,ABC,26,10
br2,SMABC,26,10
br2,PSO,27,10
br2,GA,27,10
br2,ABC,27,10
br2,SMABC,27,10
br2,PSO,28,10
br2,GA,28,10
br2,ABC,28,10
br2,SMABC,28,10
br2,PSO,29,10
br2,GA,29,10
br2,ABC,29,10
br2,SMABC,29,10
br2,PSO,30,10
br2,GA,30,10
br2,ABC,30,10
br2,SMABC,30,10
br2,PSO,31,10
br2,GA,31,10
br2,ABC,31,10
br2,SMABC,31,10
br2,PSO,32,10
br2,GA,32,10
br2,ABC,32,10
br2,SMABC,32,10
br2,PSO,33,10
br2,GA,33,10
br2,ABC,33,10
br2,SMABC,33,10
br2,PSO,34,10
br2,GA,34,10
br2,ABC,34,10
br2,SMABC,34,10
br2,PSO,35,10
br2,GA,35,10
br2,ABC,35,10
br2,SMABC,35,10
br2,PSO,36,10
br2,GA,36,10
br2,ABC,36,10
br2,SMABC,36,10
br2,PSO,37,10
br2,GA,37,10
br2,ABC,37,10
br2,SMABC,37,10
br2,PSO,38,10
br2,GA,38,10
br2,ABC,38,10
br2,SMABC,38,10
br2,PSO,39,10
br2,GA,39,10
br2,ABC,39,10
br2,SMABC,39,10
br2,PSO,40,10
br2,GA,40,10
br2,ABC,40,10
br2,SMABC,40,10
br2,PSO,41,10
br2,GA,41,10
br2,ABC,41,10
br2,SMABC,41,10
br2,PSO,42,10
br2,GA,42,10
br2,ABC,42,10
br2,SMABC,42,10
br2,PSO,43,10
br2,GA,43,10
br2,ABC,43,10
br2,SMABC,43,10
br2,PSO,44,10
br2,GA,44,10
br2,ABC,44,10
br2,SMABC,44,10
br2,PSO,45,10
br2,GA,45,10
br2,ABC,45,10
br2,SMABC,45,10
br2,PSO,46,10
br2,GA,46,10
br2,ABC,46,10
br2,SMABC,46,10
br2,PSO,47,10
br2,GA,47,10
br2,ABC,47,10
br2,SMABC,47,10
br2,PSO,48,10
br2,GA,48,10
br2,ABC,48,10
br2,SMABC,48,10
br2,PSO,49,10
br2,GA,49,10
br2,ABC,49,10
br2,SMABC,49,10
br2,PSO,50,10
br2,GA,50,10
br2,ABC,50,10
br2,SMABC,50,10
ex1010,PSO,1,6.6
ex1010,GA,1,6.6
ex1010,ABC,1,6
ex1010,SMABC,1,6
ex1010,PSO,2,6
ex1010,GA,2,6
ex1010,ABC,2,6
ex1010,SMABC,2,6
ex1010,PSO,3,6
ex1010,GA,3,6
ex1010,ABC,3,6
ex1010,SMABC,3,6
ex1010,PSO,4,6
ex1010,GA,4,6
ex1010,ABC,4,6
ex1010,SMABC,4,6
ex1010,PSO,5,6
ex1010,GA,5,6
ex1010,ABC,5,6
ex1010,SMABC,5,6
ex1010,PSO,6,6
ex1010,GA,6,6
ex1010,ABC,6,6
ex1010,SMABC,6,6
ex1010,PSO,7,6
ex1010,GA,7,6
ex1010,ABC,7,6
ex1010,SMABC,7,6
ex1010,PSO,8,6
ex1010,GA,8,6
ex1010,ABC,8,6
ex1010,SMABC,8,6
ex1010,PSO,9,6
ex1010,GA,9,6
ex1010,ABC,9,6
ex1010,SMABC,9,6
ex1010,PSO,10,6
ex1010,GA,10,6
ex1010,ABC,10,6
ex1010,SMABC,10,6
ex1010,PSO,11,6
ex1010,GA,11,6
ex1010,ABC,11,6
ex1010,SMABC,11,6
ex1010,PSO,12,6
ex1010,GA,12,6
ex1010,ABC,12,6
ex1010,SMABC,12,6
ex1010,PSO,13,6
ex1010,GA,13,6
ex1010,ABC,13,6
ex1010,SMABC,13,6
ex1010,PSO,14,6
ex1010,GA,14,6
ex1010,ABC,14,6
ex1010,SMABC,14,6
ex1010,PSO,15,6
ex1010,GA,15,6
ex1010,ABC,15,6
ex1010,SMABC,15,6
ex1010,PSO,16,6
ex1010,GA,16,6
ex1010,ABC,16,6
ex1010,SMABC,16,6
ex1010,PSO,17,6
ex1010,GA,17,6
ex1010,ABC,17,6
ex1010,SMABC,17,6
ex1010,PSO,18,6
ex1010,GA,18,6
ex1010,ABC,18,6
ex1010,SMABC,18,6
ex1010,PSO,19,6
ex1010,GA,19,6
ex1010,ABC,19,6
ex1010,SMABC,19,6
ex1010,PSO,20,6
ex1010,GA,20,6
ex1010,ABC,20,6
ex1010,SMABC,20,6
ex1010,PSO,21,6
ex1010,GA,21,6
ex1010,ABC,21,6
ex1010,SMABC,21,6
ex1010,PSO,22,6
ex1010,GA,22,6
ex1010,ABC,22,6
ex1010,SMABC,22,6
ex1010,PSO,23,6
ex1010,GA,23,6
ex1010,ABC,23,6
ex1010,SMABC,23,6
ex1010,PSO,24,6
ex1010,GA,24,6
ex1010,ABC,24,6
ex1010,SMABC,24,6
ex1010,PSO,25,6
ex1010,GA,25,6
ex1010,ABC,25,6
ex1010,SMABC,25,6
ex1010,PSO,26,6
ex1010,GA,26,6
ex1010,ABC,26,6
ex1010,SMABC,26,6
ex1010,PSO,27,6
ex1010,GA,27,6
ex1010,ABC,27,6
ex1010,SMABC,27,6
ex1010,PSO,28,6
ex1010,GA,28,6
ex1010,ABC,28,6
ex1010,SMABC,28,6
ex1010,PSO,29,6
ex1010,GA,29,6
ex1010,ABC,29,6
ex1010,SMABC,29,6
ex1010,PSO,30,6
ex1010,GA,30,6
ex1010,ABC,30,6
ex1010,SMABC,30,6
ex1010,PSO,31,6
ex1010,GA,31,6
ex1010,ABC,31,6
ex1010,SMABC,31,6
ex1010,PSO,32,6
ex1010,GA,32,6
ex1010,ABC,32,6
ex1010,SMABC,32,6
ex1010,PSO,33,6
ex1010,GA,33,6
ex1010,ABC,33,6
ex1010,SMABC,33,6
ex1010,PSO,34,6
ex1010,GA,34,6
ex1010,ABC,34,6
ex1010,SMABC,34,6
ex1010,PSO,35,6
ex1010,GA,35,6
ex1010,ABC,35,6
ex1010,SMABC,35,6
ex1010,PSO,36,6
ex1010,GA,36,6
ex1010,ABC,36,6
ex1010,SMABC,36,6
ex1010,PSO,37,6
ex1010,GA,37,6
ex1010,ABC,37,6
ex1010,SMABC,37,6
ex1010,PSO,38,6
ex1010,GA,38,6
ex1010,ABC,38,6
ex1010,SMABC,38,6
ex1010,PSO,39,6
ex1010,GA,39,6
ex1010,ABC,39,6
ex1010,SMABC,39,6
ex1010,PSO,40,6
ex1010,GA,40,6
ex1010,ABC,40,6
ex1010,SMABC,40,6
ex1010,PSO,41,6
ex1010,GA,41,6
ex1010,ABC,41,6
ex1010,SMABC,41,6
ex1010,PSO,42,6
ex1010,GA,42,6
ex1010,ABC,42,6
ex1010,SMABC,42,6
ex1010,PSO,43,6
ex1010,GA,43,6
ex1010,ABC,43,6
ex1010,SMABC,43,6
ex1010,PSO,44,6
ex1010,GA,44,6
ex1010,ABC,44,6
ex1010,SMABC,44,6
ex1010,PSO,45,6
ex1010,GA,45,6
ex1010,ABC,45,6
ex1010,SMABC,45,6
ex1010,PSO,46,6
ex1010,GA,46,6
ex1010,ABC,46,6
ex1010,SMABC,46,6
ex1010,PSO,47,6
ex1010,GA,47,6
ex1010,ABC,47,6
ex1010,SMABC,47,6
ex1010,PSO,48,6
ex1010,GA,48,6
ex1010,ABC,48,6
ex1010,SMABC,48,6
ex1010,PSO,49,6
ex1010,GA,49,6
ex1010,ABC,49,6
ex1010,SMABC,49,6
ex1010,PSO,50,6
ex1010,GA,50,6
ex1010,ABC,50,6
ex1010,SMABC,50,6
gary,PSO,1,53.3
gary,GA,1,55.6
gary,ABC,1,25.8
gary,SMABC,1,15.6
gary,PSO,2,39.7
gary,GA,2,28.4
gary,ABC,2,18.2
gary,SMABC,2,13
gary,PSO,3,34.7
gary,GA,3,19.5
gary,ABC,3,14.3
gary,SMABC,3,13
gary,PSO,4,32.2
gary,GA,4,18.2
gary,ABC,4,13
gary,SMABC,4,13
gary,PSO,5,23.3
gary,GA,5,13
gary,ABC,5,13
gary,SMABC,5,13
gary,PSO,6,23.3
gary,GA,6,13
gary,ABC,6,13
gary,SMABC,6,13
gary,PSO,7,20.8
gary,GA,7,13
gary,ABC,7,13
gary,SMABC,7,13
gary,PSO,8,20.8
gary,GA,8,13
gary,ABC,8,13
gary,SMABC,8,13
gary,PSO,9,18.2
gary,GA,9,13
gary,ABC,9,13
gary,SMABC,9,13
gary,PSO,10,16.9
gary,GA,10,13
gary,ABC,10,13
gary,SMABC,10,13
gary,PSO,11,15.6
gary,GA,11,13
gary,ABC,11,13
gary,SMABC,11,13
gary,PSO,12,15.6
gary,GA,12,13
gary,ABC,12,13
gary,SMABC,12,13
gary,PSO,13,15.6
gary,GA,13,13
gary,ABC,13,13
gary,SMABC,13,13
gary,PSO,14,15.6
gary,GA,14,13
gary,ABC,14,13
gary,SMABC,14,13
gary,PSO,15,15.6
gary,GA,15,13
gary,ABC,15,13
gary,SMABC,15,13
gary,PSO,16,15.6
gary,GA,16,13
gary,ABC,16,13
gary,SMABC,16,13
gary,PSO,17,15.6
gary,GA,17,13
gary,ABC,17,13
gary,SMABC,17,13
gary,PSO,18,14.3
gary,GA,18,13
gary,ABC,18,13
gary,SMABC,18,13
gary,PSO,19,14.3
gary,GA,19,13
gary,ABC,19,13
gary,SMABC,19,13
gary,PSO,20,14.3
gary,GA,20,13
gary,ABC,20,13
gary,SMABC,20,13
gary,PSO,21,13
gary,GA,21,13
gary,ABC,21,13
gary,SMABC,21,13
gary,PSO,22,13
gary,GA,22,13
gary,ABC,22,13
gary,SMABC,22,13
gary,PSO,23,13
gary,GA,23,13
gary,ABC,23,13
gary,SMABC,23,13
gary,PSO,24,13
gary,GA,24,13
gary,ABC,24,13
gary,SMABC,24,13
gary,PSO,25,13
gary,GA,25,13
gary,ABC,25,13
gary,SMABC,25,13
gary,PSO,26,13
gary,GA,26,13
gary,ABC,26,13
gary,SMABC,26,13
gary,PSO,27,13
gary,GA,27,13
gary,ABC,27,13
gary,SMABC,27,13
gary,PSO,28,13
gary,GA,28,13
gary,ABC,28,13
gary,SMABC,28,13
gary,PSO,29,13
gary,GA,29,13
gary,ABC,29,13
gary,SMABC,29,13
gary,PSO,30,13
gary,GA,30,13
gary,ABC,30,13
gary,SMABC,30,13
gary,PSO,31,13
gary,GA,31,13
gary,ABC,31,13
gary,SMABC,31,13
gary,PSO,32,13
gary,GA,32,13
gary,ABC,32,13
gary,SMABC,32,13
gary,PSO,33,13
gary,GA,33,13
gary,ABC,33,13
gary,SMABC,33,13
gary,PSO,34,13
gary,GA,34,13
gary,ABC,34,13
gary,SMABC,34,13
gary,PSO,35,13
gary,GA,35,13
gary,ABC,35,13
gary,SMABC,35,13
gary,PSO,36,13
gary,GA,36,13
gary,ABC,36,13
gary,SMABC,36,13
gary,PSO,37,13
gary,GA,37,13
gary,ABC,37,13
gary,SMABC,37,13
gary,PSO,38,13
gary,GA,38,13
gary,ABC,38,13
gary,SMABC,38,13
gary,PSO,39,13
gary,GA,39,13
gary,ABC,39,13
gary,SMABC,39,13
gary,PSO,40,13
gary,GA,40,13
gary,ABC,40,13
gary,SMABC,40,13
gary,PSO,41,13
gary,GA,41,13
gary,ABC,41,13
gary,SMABC,41,13
gary,PSO,42,13
gary,GA,42,13
gary,ABC,42,13
gary,SMABC,42,13
gary,PSO,43,13
gary,GA,43,13
gary,ABC,43,13
gary,SMABC,43,13
gary,PSO,44,13
gary,GA,44,13
gary,ABC,44,13
gary,SMABC,44,13
gary,PSO,45,13
gary,GA,45,13
gary,ABC,45,13
gary,SMABC,45,13
gary,PSO,46,13
gary,GA,46,13
gary,ABC,46,13
gary,SMABC,46,13
gary,PSO,47,13
gary,GA,47,13
gary,ABC,47,13
gary,SMABC,47,13
gary,PSO,48,13
gary,GA,48,13
gary,ABC,48,13
gary,SMABC,48,13
gary,PSO,49,13
gary,GA,49,13
gary,ABC,49,13
gary,SMABC,49,13
gary,PSO,50,13
gary,GA,50,13
gary,ABC,50,13
gary,SMABC,50,13
in0,PSO,1,26.2
in0,GA,1,34.3
in0,ABC,1,21.5
in0,SMABC,1,13.2
in0,PSO,2,20.4
in0,GA,2,21.5
in0,ABC,2,12
in0,SMABC,2,12
in0,PSO,3,18
in0,GA,3,15.6
in0,ABC,3,12
in0,SMABC,3,12
in0,PSO,4,16.8
in0,GA,4,12
in0,ABC,4,12
in0,SMABC,4,12
in0,PSO,5,16.8
in0,GA,5,12
in0,ABC,5,12
in0,SMABC,5,12
in0,PSO,6,14.4
in0,GA,6,12
in0,ABC,6,12
in0,SMABC,6,12
in0,PSO,7,14.4
in0,GA,7,12
in0,ABC,7,12
in0,SMABC,7,12
in0,PSO,8,14.4
in0,GA,8,12
in0,ABC,8,12
in0,SMABC,8,12
in0,PSO,9,13.2
in0,GA,9,12
in0,ABC,9,12
in0,SMABC,9,12
in0,PSO,10,12
in0,GA,10,12
in0,ABC,10,12
in0,SMABC,10,12
in0,PSO,11,12
in0,GA,11,12
in0,ABC,11,12
in0,SMABC,11,12
in0,PSO,12,12
in0,GA,12,12
in0,ABC,12,12
in0,SMABC,12,12
in0,PSO,13,12
in0,GA,13,12
in0,ABC,13,12
in0,SMABC,13,12
in0,PSO,14,12
in0,GA,14,12
in0,ABC,14,12
in0,SMABC,14,12
in0,PSO,15,12
in0,GA,15,12
in0,ABC,15,12
in0,SMABC,15,12
in0,PSO,16,12
in0,GA,16,12
in0,ABC,16,12
in0,SMABC,16,12
in0,PSO,17,12
in0,GA,17,12
in0,ABC,17,12
in0,SMABC,17,12
in0,PSO,18,12
in0,GA,18,12
in0,ABC,18,12
in0,SMABC,18,12
in0,PSO,19,12
in0,GA,19,12
in0,ABC,19,12
in0,SMABC,19,12
in0,PSO,20,12
in0,GA,20,12
in0,ABC,20,12
in0,SMABC,20,12
in0,PSO,21,12
in0,GA,21,12
in0,ABC,21,12
in0,SMABC,21,12
in0,PSO,22,12
in0,GA,22,12
in0,ABC,22,12
in0,SMABC,22,12
in0,PSO,23,12
in0,GA,23,12
in0,ABC,23,12
in0,SMABC,23,12
in0,PSO,24,12
in0,GA,24,12
in0,ABC,24,12
in0,SMABC,24,12
in0,PSO,25,12
in0,GA,25,12
in0,ABC,25,12
in0,SMABC,25,12
in0,PSO,26,12
in0,GA,26,12
in0,ABC,26,12
in0,SMABC,26,12
in0,PSO,27,12
in0,GA,27,12
in0,ABC,27,12
in0,SMABC,27,12
in0,PSO,28,12
in0,GA,28,12
in0,ABC,28,12
in0,SMABC,28,12
in0,PSO,29,12
in0,GA,29,12
in0,ABC,29,12
in0,SMABC,29,12
in0,PSO,30,12
in0,GA,30,12
in0,ABC,30,12
in0,SMABC,30,12
in0,PSO,31,12
in0,GA,31,12
in0,ABC,31,12
in0,SMABC,31,12
in0,PSO,32,12
in0,GA,32,12
in0,ABC,32,12
in0,SMABC,32,12
in0,PSO,33,12
in0,GA,33,12
in0,ABC,33,12
in0,SMABC,33,12
in0,PSO,34,12
in0,GA,34,12
in0,ABC,34,12
in0,SMABC,34,12
in0,PSO,35,12
in0,GA,35,12
in0,ABC,35,12
in0,SMABC,35,12
in0,PSO,36,12
in0,GA,36,12
in0,ABC,36,12
in0,SMABC,36,12
in0,PSO,37,12
in0,GA,37,12
in0,ABC,37,12
in0,SMABC,37,12
in0,PSO,38,12
in0,GA,38,12
in0,ABC,38,12
in0,SMABC,38,12
in0,PSO,39,12
in0,GA,39,12
in0,ABC,39,12
in0,SMABC,39,12
in0,PSO,40,12
in0,GA,40,12
in0,ABC,40,12
in0,SMABC,40,12
in0,PSO,41,12
in0,GA,41,12
in0,ABC,41,12
in0,SMABC,41,12
in0,PSO,42,12
in0,GA,42,12
in0,ABC,42,12
in0,SMABC,42,12
in0,PSO,43,12
in0,GA,43,12
in0,ABC,43,12
in0,SMABC,43,12
in0,PSO,44,12
in0,GA,44,12
in0,ABC,44,12
in0,SMABC,44,12
in0,PSO,45,12
in0,GA,45,12
in0,ABC,45,12
in0,SMABC,45,12
in0,PSO,46,12
in0,GA,46,12
in0,ABC,46,12
in0,SMABC,46,12
in0,PSO,47,12
in0,GA,47,12
in0,ABC,47,12
in0,SMABC,47,12
in0,PSO,48,12
in0,GA,48,12
in0,ABC,48,12
in0,SMABC,48,12
in0,PSO,49,12
in0,GA,49,12
in0,ABC,49,12
in0,SMABC,49,12
in0,PSO,50,12
in0,GA,50,12
in0,ABC,50,12
in0,SMABC,50,12
in2,PSO,1,316.6
in2,GA,1,370.6
in2,ABC,1,118.5
in2,SMABC,1,77.6
in2,PSO,2,233.8
in2,GA,2,203.1
in2,ABC,2,84.3
in2,SMABC,2,35
in2,PSO,3,166.8
in2,GA,3,115.4
in2,ABC,3,57
in2,SMABC,3,35
in2,PSO,4,140.3
in2,GA,4,95.9
in2,ABC,4,45.2
in2,SMABC,4,35
in2,PSO,5,117.6
in2,GA,5,63.8
in2,ABC,5,40.2
in2,SMABC,5,35
in2,PSO,6,107.9
in2,GA,6,48.6
in2,ABC,6,40.2
in2,SMABC,6,35
in2,PSO,7,97.6
in2,GA,7,36.8
in2,ABC,7,36.8
in2,SMABC,7,35
in2,PSO,8,80.8
in2,GA,8,35
in2,ABC,8,36.8
in2,SMABC,8,35
in2,PSO,9,74.2
in2,GA,9,35
in2,ABC,9,36.8
in2,SMABC,9,35
in2,PSO,10,67.3
in2,GA,10,35
in2,ABC,10,35
in2,SMABC,10,35
in2,PSO,11,67.3
in2,GA,11,35
in2,ABC,11,35
in2,SMABC,11,35
in2,PSO,12,64.2
in2,GA,12,35
in2,ABC,12,35
in2,SMABC,12,35
in2,PSO,13,64.2
in2,GA,13,35
in2,ABC,13,35
in2,SMABC,13,35
in2,PSO,14,64.2
in2,GA,14,35
in2,ABC,14,35
in2,SMABC,14,35
in2,PSO,15,60.8
in2,GA,15,35
in2,ABC,15,35
in2,SMABC,15,35
in2,PSO,16,60.8
in2,GA,16,35
in2,ABC,16,35
in2,SMABC,16,35
in2,PSO,17,60.8
in2,GA,17,35
in2,ABC,17,35
in2,SMABC,17,35
in2,PSO,18,60.8
in2,GA,18,35
in2,ABC,18,35
in2,SMABC,18,35
in2,PSO,19,55.7
in2,GA,19,35
in2,ABC,19,35
in2,SMABC,19,35
in2,PSO,20,55.7
in2,GA,20,35
in2,ABC,20,35
in2,SMABC,20,35
in2,PSO,21,55.7
in2,GA,21,35
in2,ABC,21,35
in2,SMABC,21,35
in2,PSO,22,54.1
in2,GA,22,35
in2,ABC,22,35
in2,SMABC,22,35
in2,PSO,23,52.6
in2,GA,23,35
in2,ABC,23,35
in2,SMABC,23,35
in2,PSO,24,49.1
in2,GA,24,35
in2,ABC,24,35
in2,SMABC,24,35
in2,PSO,25,49.1
in2,GA,25,35
in2,ABC,25,35
in2,SMABC,25,35
in2,PSO,26,49.1
in2,GA,26,35
in2,ABC,26,35
in2,SMABC,26,35
in2,PSO,27,49.1
in2,GA,27,35
in2,ABC,27,35
in2,SMABC,27,35
in2,PSO,28,47.3
in2,GA,28,35
in2,ABC,28,35
in2,SMABC,28,35
in2,PSO,29,47.3
in2,GA,29,35
in2,ABC,29,35
in2,SMABC,29,35
in2,PSO,30,47.3
in2,GA,30,35
in2,ABC,30,35
in2,SMABC,30,35
in2,PSO,31,47.3
in2,GA,31,35
in2,ABC,31,35
in2,SMABC,31,35
in2,PSO,32,47.3
in2,GA,32,35
in2,ABC,32,35
in2,SMABC,32,35
in2,PSO,33,47.3
in2,GA,33,35
in2,ABC,33,35
in2,SMABC,33,35
in2,PSO,34,47.3
in2,GA,34,35
in2,ABC,34,35
in2,SMABC,34,35
in2,PSO,35,47.3
in2,GA,35,35
in2,ABC,35,35
in2,SMABC,35,35
in2,PSO,36,47.3
in2,GA,36,35
in2,ABC,36,35
in2,SMABC,36,35
in2,PSO,37,47.3
in2,GA,37,35
in2,ABC,37,35
in2,SMABC,37,35
in2,PSO,38,47.3
in2,GA,38,35
in2,ABC,38,35
in2,SMABC,38,35
in2,PSO,39,45.7
in2,GA,39,35
in2,ABC,39,35
in2,SMABC,39,35
in2,PSO,40,45.7
in2,GA,40,35
in2,ABC,40,35
in2,SMABC,40,35
in2,PSO,41,45.7
in2,GA,41,35
in2,ABC,41,35
in2,SMABC,41,35
in2,PSO,42,45.7
in2,GA,42,35
in2,ABC,42,35
in2,SMABC,42,35
in2,PSO,43,43.9
in2,GA,43,35
in2,ABC,43,35
in2,SMABC,43,35
in2,PSO,44,43.9
in2,GA,44,35
in2,ABC,44,35
in2,SMABC,44,35
in2,PSO,45,43.9
in2,GA,45,35
in2,ABC,45,35
in2,SMABC,45,35
in2,PSO,46,43.9
in2,GA,46,35
in2,ABC,46,35
in2,SMABC,46,35
in2,PSO,47,43.9
in2,GA,47,35
in2,ABC,47,35
in2,SMABC,47,35
in2,PSO,48,43.9
in2,GA,48,35
in2,ABC,48,35
in2,SMABC,48,35
in2,PSO,49,43.9
in2,GA,49,35
in2,ABC,49,35
in2,SMABC,49,35
in2,PSO,50,43.9
in2,GA,50,35
in2,ABC,50,35
in2,SMABC,50,35
misex3,PSO,1,34.7
misex3,GA,1,58.1
misex3,ABC,1,30.9
misex3,SMABC,1,15.6
misex3,PSO,2,34.7
misex3,GA,2,34.7
misex3,ABC,2,19.5
misex3,SMABC,2,13
misex3,PSO,3,29.7
misex3,GA,3,19.5
misex3,ABC,3,15.6
misex3,SMABC,3,13
misex3,PSO,4,28.4
misex3,GA,4,16.9
misex3,ABC,4,14.3
misex3,SMABC,4,13
misex3,PSO,5,25.9
misex3,GA,5,13
misex3,ABC,5,13
misex3,SMABC,5,13
misex3,PSO,6,25.9
misex3,GA,6,13
misex3,ABC,6,13
misex3,SMABC,6,13
misex3,PSO,7,23.4
misex3,GA,7,13
misex3,ABC,7,13
misex3,SMABC,7,13
misex3,PSO,8,23.4
misex3,GA,8,13
misex3,ABC,8,13
misex3,SMABC,8,13
misex3,PSO,9,23.4
misex3,GA,9,13
misex3,ABC,9,13
misex3,SMABC,9,13
misex3,PSO,10,22.1
misex3,GA,10,13
misex3,ABC,10,13
misex3,SMABC,10,13
misex3,PSO,11,22.1
misex3,GA,11,13
misex3,ABC,11,13
misex3,SMABC,11,13
misex3,PSO,12,20.8
misex3,GA,12,13
misex3,ABC,12,13
misex3,SMABC,12,13
misex3,PSO,13,18.2
misex3,GA,13,13
misex3,ABC,13,13
misex3,SMABC,13,13
misex3,PSO,14,18.2
misex3,GA,14,13
misex3,ABC,14,13
misex3,SMABC,14,13
misex3,PSO,15,16.9
misex3,GA,15,13
misex3,ABC,15,13
misex3,SMABC,15,13
misex3,PSO,16,16.9
misex3,GA,16,13
misex3,ABC,16,13
misex3,SMABC,16,13
misex3,PSO,17,16.9
misex3,GA,17,13
misex3,ABC,17,13
misex3,SMABC,17,13
misex3,PSO,18,16.9
misex3,GA,18,13
misex3,ABC,18,13
misex3,SMABC,18,13
misex3,PSO,19,16.9
misex3,GA,19,13
misex3,ABC,19,13
misex3,SMABC,19,13
misex3,PSO,20,15.6
misex3,GA,20,13
misex3,ABC,20,13
misex3,SMABC,20,13
misex3,PSO,21,15.6
misex3,GA,21,13
misex3,ABC,21,13
misex3,SMABC,21,13
misex3,PSO,22,15.6
misex3,GA,22,13
misex3,ABC,22,13
misex3,SMABC,22,13
misex3,PSO,23,15.6
misex3,GA,23,13
misex3,ABC,23,13
misex3,SMABC,23,13
misex3,PSO,24,15.6
misex3,GA,24,13
misex3,ABC,24,13
misex3,SMABC,24,13
misex3,PSO,25,15.6
misex3,GA,25,13
misex3,ABC,25,13
misex3,SMABC,25,13
misex3,PSO,26,14.3
misex3,GA,26,13
misex3,ABC,26,13
misex3,SMABC,26,13
misex3,PSO,27,13
misex3,GA,27,13
misex3,ABC,27,13
misex3,SMABC,27,13
misex3,PSO,28,13
misex3,GA,28,13
misex3,ABC,28,13
misex3,SMABC,28,13
misex3,PSO,29,13
misex3,GA,29,13
misex3,ABC,29,13
misex3,SMABC,29,13
misex3,PSO,30,13
misex3,GA,30,13
misex3,ABC,30,13
misex3,SMABC,30,13
misex3,PSO,31,13
misex3,GA,31,13
misex3,ABC,31,13
misex3,SMABC,31,13
misex3,PSO,32,13
misex3,GA,32,13
misex3,ABC,32,13
misex3,SMABC,32,13
misex3,PSO,33,13
misex3,GA,33,13
misex3,ABC,33,13
misex3,SMABC,33,13
misex3,PSO,34,13
misex3,GA,34,13
misex3,ABC,34,13
misex3,SMABC,34,13
misex3,PSO,35,13
misex3,GA,35,13
misex3,ABC,35,13
misex3,SMABC,35,13
misex3,PSO,36,13
misex3,GA,36,13
misex3,ABC,36,13
misex3,SMABC,36,13
misex3,PSO,37,13
misex3,GA,37,13
misex3,ABC,37,13
misex3,SMABC,37,13
misex3,PSO,38,13
misex3,GA,38,13
misex3,ABC,38,13
misex3,SMABC,38,13
misex3,PSO,39,13
misex3,GA,39,13
misex3,ABC,39,13
misex3,SMABC,39,13
misex3,PSO,40,13
misex3,GA,40,13
misex3,ABC,40,13
misex3,SMABC,40,13
misex3,PSO,41,13
misex3,GA,41,13
misex3,ABC,41,13
misex3,SMABC,41,13
misex3,PSO,42,13
misex3,GA,42,13
misex3,ABC,42,13
misex3,SMABC,42,13
misex3,PSO,43,13
misex3,GA,43,13
misex3,ABC,43,13
misex3,SMABC,43,13
misex3,PSO,44,13
misex3,GA,44,13
misex3,ABC,44,13
misex3,SMABC,44,13
misex3,PSO,45,13
misex3,GA,45,13
misex3,ABC,45,13
misex3,SMABC,45,13
misex3,PSO,46,13
misex3,GA,46,13
misex3,ABC,46,13
misex3,SMABC,46,13
misex3,PSO,47,13
misex3,GA,47,13
misex3,ABC,47,13
misex3,SMABC,47,13
misex3,PSO,48,13
misex3,GA,48,13
misex3,ABC,48,13
misex3,SMABC,48,13
misex3,PSO,49,13
misex3,GA,49,13
misex3,ABC,49,13
misex3,SMABC,49,13
misex3,PSO,50,13
misex3,GA,50,13
misex3,ABC,50,13
misex3,SMABC,50,13
rd84,PSO,1,14
rd84,GA,1,14
rd84,ABC,1,14
rd84,SMABC,1,14
rd84,PSO,2,14
rd84,GA,2,14
rd84,ABC,2,14
rd84,SMABC,2,14
rd84,PSO,3,14
rd84,GA,3,14
rd84,ABC,3,14
rd84,SMABC,3,14
rd84,PSO,4,14
rd84,GA,4,14
rd84,ABC,4,14
rd84,SMABC,4,14
rd84,PSO,5,14
rd84,GA,5,14
rd84,ABC,5,14
rd84,SMABC,5,14
rd84,PSO,6,14
rd84,GA,6,14
rd84,ABC,6,14
rd84,SMABC,6,14
rd84,PSO,7,14
rd84,GA,7,14
rd84,ABC,7,14
rd84,SMABC,7,14
rd84,PSO,8,14
rd84,GA,8,14
rd84,ABC,8,14
rd84,SMABC,8,14
rd84,PSO,9,14
rd84,GA,9,14
rd84,ABC,9,14
rd84,SMABC,9,14
rd84,PSO,10,14
rd84,GA,10,14
rd84,ABC,10,14
rd84,SMABC,10,14
rd84,PSO,11,14
rd84,GA,11,14
rd84,ABC,11,14
rd84,SMABC,11,14
rd84,PSO,12,14
rd84,GA,12,14
rd84,ABC,12,14
rd84,SMABC,12,14
rd84,PSO,13,14
rd84,GA,13,14
rd84,ABC,13,14
rd84,SMABC,13,14
rd84,PSO,14,14
rd84,GA,14,14
rd84,ABC,14,14
rd84,SMABC,14,14
rd84,PSO,15,14
rd84,GA,15,14
rd84,ABC,15,14
rd84,SMABC,15,14
rd84,PSO,16,14
rd84,GA,16,14
rd84,ABC,16,14
rd84,SMABC,16,14
rd84,PSO,17,14
rd84,GA,17,14
rd84,ABC,17,14
rd84,SMABC,17,14
rd84,PSO,18,14
rd84,GA,18,14
rd84,ABC,18,14
rd84,SMABC,18,14
rd84,PSO,19,14
rd84,GA,19,14
rd84,ABC,19,14
rd84,SMABC,19,14
rd84,PSO,20,14
rd84,GA,20,14
rd84,ABC,20,14
rd84,SMABC,20,14
rd84,PSO,21,14
rd84,GA,21,14
rd84,ABC,21,14
rd84,SMABC,21,14
rd84,PSO,22,14
rd84,GA,22,14
rd84,ABC,22,14
rd84,SMABC,22,14
rd84,PSO,23,14
rd84,GA,23,14
rd84,ABC,23,14
rd84,SMABC,23,14
rd84,PSO,24,14
rd84,GA,24,14
rd84,ABC,24,14
rd84,SMABC,24,14
rd84,PSO,25,14
rd84,GA,25,14
rd84,ABC,25,14
rd84,SMABC,25,14
rd84,PSO,26,14
rd84,GA,26,14
rd84,ABC,26,14
rd84,SMABC,26,14
rd84,PSO,27,14
rd84,GA,27,14
rd84,ABC,27,14
rd84,SMABC,27,14
rd84,PSO,28,14
rd84,GA,28,14
rd84,ABC,28,14
rd84,SMABC,28,14
rd84,PSO,29,14
rd84,GA,29,14
rd84,ABC,29,14
rd84,SMABC,29,14
rd84,PSO,30,14
rd84,GA,30,14
rd84,ABC,30,14
rd84,SMABC,30,14
rd84,PSO,31,14
rd84,GA,31,14
rd84,ABC,31,14
rd84,SMABC,31,14
rd84,PSO,32,14
rd84,GA,32,14
rd84,ABC,32,14
rd84,SMABC,32,14
rd84,PSO,33,14
rd84,GA,33,14
rd84,ABC,33,14
rd84,SMABC,33,14
rd84,PSO,34,14
rd84,GA,34,14
rd84,ABC,34,14
rd84,SMABC,34,14
rd84,PSO,35,14
rd84,GA,35,14
rd84,ABC,35,14
rd84,SMABC,35,14
rd84,PSO,36,14
rd84,GA,36,14
rd84,ABC,36,14
rd84,SMABC,36,14
rd84,PSO,37,14
rd84,GA,37,14
rd84,ABC,37,14
rd84,SMABC,37,14
rd84,PSO,38,14
rd84,GA,38,14
rd84,ABC,38,14
rd84,SMABC,38,14
rd84,PSO,39,14
rd84,GA,39,14
rd84,ABC,39,14
rd84,SMABC,39,14
rd84,PSO,40,14
rd84,GA,40,14
rd84,ABC,40,14
rd84,SMABC,40,14
rd84,PSO,41,14
rd84,GA,41,14
rd84,ABC,41,14
rd84,SMABC,41,14
rd84,PSO,42,14
rd84,GA,42,14
rd84,ABC,42,14
rd84,SMABC,42,14
rd84,PSO,43,14
rd84,GA,43,14
rd84,ABC,43,14
rd84,SMABC,43,14
rd84,PSO,44,14
rd84,GA,44,14
rd84,ABC,44,14
rd84,SMABC,44,14
rd84,PSO,45,14
rd84,GA,45,14
rd84,ABC,45,14
rd84,SMABC,45,14
rd84,PSO,46,14
rd84,GA,46,14
rd84,ABC,46,14
rd84,SMABC,46,14
rd84,PSO,47,14
rd84,GA,47,14
rd84,ABC,47,14
rd84,SMABC,47,14
rd84,PSO,48,14
rd84,GA,48,14
rd84,ABC,48,14
rd84,SMABC,48,14
rd84,PSO,49,14
rd84,GA,49,14
rd84,ABC,49,14
rd84,SMABC,49,14
rd84,PSO,50,14
rd84,GA,50,14
rd84,ABC,50,14
rd84,SMABC,50,14
t2,PSO,1,65.6
t2,GA,1,65.8
t2,ABC,1,48.3
t2,SMABC,1,19.5
t2,PSO,2,51.5
t2,GA,2,44.2
t2,ABC,2,21
t2,SMABC,2,15
t2,PSO,3,41.5
t2,GA,3,27
t2,ABC,3,21
t2,SMABC,3,15
t2,PSO,4,41.5
t2,GA,4,18
t2,ABC,4,16.5
t2,SMABC,4,15
t2,PSO,5,31.3
t2,GA,5,15
t2,ABC,5,15
t2,SMABC,5,15
t2,PSO,6,29.8
t2,GA,6,15
t2,ABC,6,15
t2,SMABC,6,15
t2,PSO,7,26.9
t2,GA,7,15
t2,ABC,7,15
t2,SMABC,7,15
t2,PSO,8,26.9
t2,GA,8,15
t2,ABC,8,15
t2,SMABC,8,15
t2,PSO,9,26.9
t2,GA,9,15
t2,ABC,9,15
t2,SMABC,9,15
t2,PSO,10,26.9
t2,GA,10,15
t2,ABC,10,15
t2,SMABC,10,15
t2,PSO,11,26.9
t2,GA,11,15
t2,ABC,11,15
t2,SMABC,11,15
t2,PSO,12,25.4
t2,GA,12,15
t2,ABC,12,15
t2,SMABC,12,15
t2,PSO,13,25.4
t2,GA,13,15
t2,ABC,13,15
t2,SMABC,13,15
t2,PSO,14,22.5
t2,GA,14,15
t2,ABC,14,15
t2,SMABC,14,15
t2,PSO,15,22.5
t2,GA,15,15
t2,ABC,15,15
t2,SMABC,15,15
t2,PSO,16,22.5
t2,GA,16,15
t2,ABC,16,15
t2,SMABC,16,15
t2,PSO,17,22.5
t2,GA,17,15
t2,ABC,17,15
t2,SMABC,17,15
t2,PSO,18,22.5
t2,GA,18,15
t2,ABC,18,15
t2,SMABC,18,15
t2,PSO,19,22.5
t2,GA,19,15
t2,ABC,19,15
t2,SMABC,19,15
t2,PSO,20,22.5
t2,GA,20,15
t2,ABC,20,15
t2,SMABC,20,15
t2,PSO,21,22.5
t2,GA,21,15
t2,ABC,21,15
t2,SMABC,21,15
t2,PSO,22,22.5
t2,GA,22,15
t2,ABC,22,15
t2,SMABC,22,15
t2,PSO,23,22.5
t2,GA,23,15
t2,ABC,23,15
t2,SMABC,23,15
t2,PSO,24,22.5
t2,GA,24,15
t2,ABC,24,15
t2,SMABC,24,15
t2,PSO,25,22.5
t2,GA,25,15
t2,ABC,25,15
t2,SMABC,25,15
t2,PSO,26,22.5
t2,GA,26,15
t2,ABC,26,15
t2,SMABC,26,15
t2,PSO,27,22.5
t2,GA,27,15
t2,ABC,27,15
t2,SMABC,27,15
t2,PSO,28,22.5
t2,GA,28,15
t2,ABC,28,15
t2,SMABC,28,15
t2,PSO,29,22.5
t2,GA,29,15
t2,ABC,29,15
t2,SMABC,29,15
t2,PSO,30,22.5
t2,GA,30,15
t2,ABC,30,15
t2,SMABC,30,15
t2,PSO,31,22.5
t2,GA,31,15
t2,ABC,31,15
t2,SMABC,31,15
t2,PSO,32,22.5
t2,GA,32,15
t2,ABC,32,15
t2,SMABC,32,15
t2,PSO,33,22.5
t2,GA,33,15
t2,ABC,33,15
t2,SMABC,33,15
t2,PSO,34,22.5
t2,GA,34,15
t2,ABC,34,15
t2,SMABC,34,15
t2,PSO,35,22.5
t2,GA,35,15
t2,ABC,35,15
t2,SMABC,35,15
t2,PSO,36,22.5
t2,GA,36,15
t2,ABC,36,15
t2,SMABC,36,15
t2,PSO,37,22.5
t2,GA,37,15
t2,ABC,37,15
t2,SMABC,37,15
t2,PSO,38,22.5
t2,GA,38,15
t2,ABC,38,15
t2,SMABC,38,15
t2,PSO,39,22.5
t2,GA,39,15
t2,ABC,39,15
t2,SMABC,39,15
t2,PSO,40,22.5
t2,GA,40,15
t2,ABC,40,15
t2,SMABC,40,15
t2,PSO,41,22.5
t2,GA,41,15
t2,ABC,41,15
t2,SMABC,41,15
t2,PSO,42,21
t2,GA,42,15
t2,ABC,42,15
t2,SMABC,42,15
t2,PSO,43,21
t2,GA,43,15
t2,ABC,43,15
t2,SMABC,43,15
t2,PSO,44,21
t2,GA,44,15
t2,ABC,44,15
t2,SMABC,44,15
t2,PSO,45,21
t2,GA,45,15
t2,ABC,45,15
t2,SMABC,45,15
t2,PSO,46,21
t2,GA,46,15
t2,ABC,46,15
t2,SMABC,46,15
t2,PSO,47,19.5
t2,GA,47,15
t2,ABC,47,15
t2,SMABC,47,15
t2,PSO,48,18
t2,GA,48,15
t2,ABC,48,15
t2,SMABC,48,15
t2,PSO,49,18
t2,GA,49,15
t2,ABC,49,15
t2,SMABC,49,15
t2,PSO,50,18
t2,GA,50,15
t2,ABC,50,15
t2,SMABC,50,15
table3,PSO,1,75.4
table3,GA,1,70
table3,ABC,1,56.2
table3,SMABC,1,25
table3,PSO,2,65.6
table3,GA,2,52.8
table3,ABC,2,36
table3,SMABC,2,25
table3,PSO,3,49
table3,GA,3,40
table3,ABC,3,27.4
table3,SMABC,3,25
table3,PSO,4,43.4
table3,GA,4,32.4
table3,ABC,4,26.4
table3,SMABC,4,25
table3,PSO,5,37.4
table3,GA,5,25
table3,ABC,5,25
table3,SMABC,5,25
table3,PSO,6,37.4
table3,GA,6,25
table3,ABC,6,25
table3,SMABC,6,25
table3,PSO,7,36.4
table3,GA,7,25
table3,ABC,7,25
table3,SMABC,7,25
table3,PSO,8,36.3
table3,GA,8,25
table3,ABC,8,25
table3,SMABC,8,25
table3,PSO,9,35.2
table3,GA,9,25
table3,ABC,9,25
table3,SMABC,9,25
table3,PSO,10,31.3
table3,GA,10,25
table3,ABC,10,25
table3,SMABC,10,25
table3,PSO,11,30
table3,GA,11,25
table3,ABC,11,25
table3,SMABC,11,25
table3,PSO,12,30
table3,GA,12,25
table3,ABC,12,25
table3,SMABC,12,25
table3,PSO,13,27.6
table3,GA,13,25
table3,ABC,13,25
table3,SMABC,13,25
table3,PSO,14,27.6
table3,GA,14,25
table3,ABC,14,25
table3,SMABC,14,25
table3,PSO,15,27.6
table3,GA,15,25
table3,ABC,15,25
table3,SMABC,15,25
table3,PSO,16,27.6
table3,GA,16,25
table3,ABC,16,25
table3,SMABC,16,25
table3,PSO,17,27.6
table3,GA,17,25
table3,ABC,17,25
table3,SMABC,17,25
table3,PSO,18,26.3
table3,GA,18,25
table3,ABC,18,25
table3,SMABC,18,25
table3,PSO,19,26.3
table3,GA,19,25
table3,ABC,19,25
table3,SMABC,19,25
table3,PSO,20,26.3
table3,GA,20,25
table3,ABC,20,25
table3,SMABC,20,25
table3,PSO,21,26.3
table3,GA,21,25
table3,ABC,21,25
table3,SMABC,21,25
table3,PSO,22,26.3
table3,GA,22,25
table3,ABC,22,25
table3,SMABC,22,25
table3,PSO,23,25
table3,GA,23,25
table3,ABC,23,25
table3,SMABC,23,25
table3,PSO,24,25
table3,GA,24,25
table3,ABC,24,25
table3,SMABC,24,25
table3,PSO,25,25
table3,GA,25,25
table3,ABC,25,25
table3,SMABC,25,25
table3,PSO,26,25
table3,GA,26,25
table3,ABC,26,25
table3,SMABC,26,25
table3,PSO,27,25
table3,GA,27,25
table3,ABC,27,25
table3,SMABC,27,25
table3,PSO,28,25
table3,GA,28,25
table3,ABC,28,25
table3,SMABC,28,25
table3,PSO,29,25
table3,GA,29,25
table3,ABC,29,25
table3,SMABC,29,25
table3,PSO,30,25
table3,GA,30,25
table3,ABC,30,25
table3,SMABC,30,25
table3,PSO,31,25
table3,GA,31,25
table3,ABC,31,25
table3,SMABC,31,25
table3,PSO,32,25
table3,GA,32,25
table3,ABC,32,25
table3,SMABC,32,25
table3,PSO,33,25
table3,GA,33,25
table3,ABC,33,25
table3,SMABC,33,25
table3,PSO,34,25
table3,GA,34,25
table3,ABC,34,25
table3,SMABC,34,25
table3,PSO,35,25
table3,GA,35,25
table3,ABC,35,25
table3,SMABC,35,25
table3,PSO,36,25
table3,GA,36,25
table3,ABC,36,25
table3,SMABC,36,25
table3,PSO,37,25
table3,GA,37,25
table3,ABC,37,25
table3,SMABC,37,25
table3,PSO,38,25
table3,GA,38,25
table3,ABC,38,25
table3,SMABC,38,25
table3,PSO,39,25
table3,GA,39,25
table3,ABC,39,25
table3,SMABC,39,25
table3,PSO,40,25
table3,GA,40,25
table3,ABC,40,25
table3,SMABC,40,25
table3,PSO,41,25
table3,GA,41,25
table3,ABC,41,25
table3,SMABC,41,25
table3,PSO,42,25
table3,GA,42,25
table3,ABC,42,25
table3,SMABC,42,25
table3,PSO,43,25
table3,GA,43,25
table3,ABC,43,25
table3,SMABC,43,25
table3,PSO,44,25
table3,GA,44,25
table3,ABC,44,25
table3,SMABC,44,25
table3,PSO,45,25
table3,GA,45,25
table3,ABC,45,25
table3,SMABC,45,25
table3,PSO,46,25
table3,GA,46,25
table3,ABC,46,25
table3,SMABC,46,25
table3,PSO,47,25
table3,GA,47,25
table3,ABC,47,25
table3,SMABC,47,25
table3,PSO,48,25
table3,GA,48,25
table3,ABC,48,25
table3,SMABC,48,25
table3,PSO,49,25
table3,GA,49,25
table3,ABC,49,25
table3,SMABC,49,25
table3,PSO,50,25
table3,GA,50,25
table3,ABC,50,25
table3,SMABC,50,25
table5,PSO,1,175
table5,GA,1,223.4
table5,ABC,1,95.7
table5,SMABC,1,38.5
table5,PSO,2,121.3
table5,GA,2,112.4
table5,ABC,2,60.4
table5,SMABC,2,31
table5,PSO,3,95.8
table5,GA,3,57.8
table5,ABC,3,37
table5,SMABC,3,31
table5,PSO,4,87.1
table5,GA,4,51.8
table5,ABC,4,34
table5,SMABC,4,31
table5,PSO,5,84.1
table5,GA,5,43
table5,ABC,5,31
table5,SMABC,5,31
table5,PSO,6,84.1
table5,GA,6,31
table5,ABC,6,31
table5,SMABC,6,31
table5,PSO,7,75.4
table5,GA,7,31
table5,ABC,7,31
table5,SMABC,7,31
table5,PSO,8,69.5
table5,GA,8,31
table5,ABC,8,31
table5,SMABC,8,31
table5,PSO,9,53.4
table5,GA,9,31
table5,ABC,9,31
table5,SMABC,9,31
table5,PSO,10,49
table5,GA,10,31
table5,ABC,10,31
table5,SMABC,10,31
table5,PSO,11,47.5
table5,GA,11,31
table5,ABC,11,31
table5,SMABC,11,31
table5,PSO,12,47.5
table5,GA,12,31
table5,ABC,12,31
table5,SMABC,12,31
table5,PSO,13,47.5
table5,GA,13,31
table5,ABC,13,31
table5,SMABC,13,31
table5,PSO,14,44.5
table5,GA,14,31
table5,ABC,14,31
table5,SMABC,14,31
table5,PSO,15,44.5
table5,GA,15,31
table5,ABC,15,31
table5,SMABC,15,31
table5,PSO,16,44.5
table5,GA,16,31
table5,ABC,16,31
table5,SMABC,16,31
table5,PSO,17,44.5
table5,GA,17,31
table5,ABC,17,31
table5,SMABC,17,31
table5,PSO,18,44.5
table5,GA,18,31
table5,ABC,18,31
table5,SMABC,18,31
table5,PSO,19,44.5
table5,GA,19,31
table5,ABC,19,31
table5,SMABC,19,31
table5,PSO,20,44.5
table5,GA,20,31
table5,ABC,20,31
table5,SMABC,20,31
table5,PSO,21,44.5
table5,GA,21,31
table5,ABC,21,31
table5,SMABC,21,31
table5,PSO,22,44.5
table5,GA,22,31
table5,ABC,22,31
table5,SMABC,22,31
table5,PSO,23,44.5
table5,GA,23,31
table5,ABC,23,31
table5,SMABC,23,31
table5,PSO,24,43
table5,GA,24,31
table5,ABC,24,31
table5,SMABC,24,31
table5,PSO,25,43
table5,GA,25,31
table5,ABC,25,31
table5,SMABC,25,31
table5,PSO,26,40
table5,GA,26,31
table5,ABC,26,31
table5,SMABC,26,31
table5,PSO,27,37
table5,GA,27,31
table5,ABC,27,31
table5,SMABC,27,31
table5,PSO,28,35.5
table5,GA,28,31
table5,ABC,28,31
table5,SMABC,28,31
table5,PSO,29,35.5
table5,GA,29,31
table5,ABC,29,31
table5,SMABC,29,31
table5,PSO,30,35.5
table5,GA,30,31
table5,ABC,30,31
table5,SMABC,30,31
table5,PSO,31,35.5
table5,GA,31,31
table5,ABC,31,31
table5,SMABC,31,31
table5,PSO,32,35.5
table5,GA,32,31
table5,ABC,32,31
table5,SMABC,32,31
table5,PSO,33,35.5
table5,GA,33,31
table5,ABC,33,31
table5,SMABC,33,31
table5,PSO,34,35.5
table5,GA,34,31
table5,ABC,34,31
table5,SMABC,34,31
table5,PSO,35,35.5
table5,GA,35,31
table5,ABC,35,31
table5,SMABC,35,31
table5,PSO,36,35.5
table5,GA,36,31
table5,ABC,36,31
table5,SMABC,36,31
table5,PSO,37,34
table5,GA,37,31
table5,ABC,37,31
table5,SMABC,37,31
table5,PSO,38,34
table5,GA,38,31
table5,ABC,38,31
table5,SMABC,38,31
table5,PSO,39,34
table5,GA,39,31
table5,ABC,39,31
table5,SMABC,39,31
table5,PSO,40,34
table5,GA,40,31
table5,ABC,40,31
table5,SMABC,40,31
table5,PSO,41,34
table5,GA,41,31
table5,ABC,41,31
table5,SMABC,41,31
table5,PSO,42,34
table5,GA,42,31
table5,ABC,42,31
table5,SMABC,42,31
table5,PSO,43,34
table5,GA,43,31
table5,ABC,43,31
table5,SMABC,43,31
table5,PSO,44,34
table5,GA,44,31
table5,ABC,44,31
table5,SMABC,44,31
table5,PSO,45,32.5
table5,GA,45,31
table5,ABC,45,31
table5,SMABC,45,31
table5,PSO,46,32.5
table5,GA,46,31
table5,ABC,46,31
table5,SMABC,46,31
table5,PSO,47,32.5
table5,GA,47,31
table5,ABC,47,31
table5,SMABC,47,31
table5,PSO,48,32.5
table5,GA,48,31
table5,ABC,48,31
table5,SMABC,48,31
table5,PSO,49,32.5
table5,GA,49,31
table5,ABC,49,31
table5,SMABC,49,31
table5,PSO,50,32.5
table5,GA,50,31
table5,ABC,50,31
table5,SMABC,50,31
ts10,PSO,1,519.3
ts10,GA,1,724.6
ts10,ABC,1,232.3
ts10,SMABC,1,165
ts10,PSO,2,368.1
ts10,GA,2,467.4
ts10,ABC,2,117.3
ts10,SMABC,2,43.1
ts10,PSO,3,277.3
ts10,GA,3,239.7
ts10,ABC,3,84.9
ts10,SMABC,3,41
ts10,PSO,4,224.9
ts10,GA,4,181.2
ts10,ABC,4,59.1
ts10,SMABC,4,41
ts10,PSO,5,224.9
ts10,GA,5,130.9
ts10,ABC,5,53
ts10,SMABC,5,41
ts10,PSO,6,209.7
ts10,GA,6,90.9
ts10,ABC,6,53
ts10,SMABC,6,41
ts10,PSO,7,186.5
ts10,GA,7,65.5
ts10,ABC,7,53
ts10,SMABC,7,41
ts10,PSO,8,174.8
ts10,GA,8,47.1
ts10,ABC,8,49
ts10,SMABC,8,41
ts10,PSO,9,167.4
ts10,GA,9,43.1
ts10,ABC,9,47.2
ts10,SMABC,9,41
ts10,PSO,10,152.2
ts10,GA,10,41
ts10,ABC,10,47.2
ts10,SMABC,10,41
ts10,PSO,11,152.2
ts10,GA,11,41
ts10,ABC,11,41
ts10,SMABC,11,41
ts10,PSO,12,152.2
ts10,GA,12,41
ts10,ABC,12,41
ts10,SMABC,12,41
ts10,PSO,13,152.2
ts10,GA,13,41
ts10,ABC,13,41
ts10,SMABC,13,41
ts10,PSO,14,140.5
ts10,GA,14,41
ts10,ABC,14,41
ts10,SMABC,14,41
ts10,PSO,15,136.8
ts10,GA,15,41
ts10,ABC,15,41
ts10,SMABC,15,41
ts10,PSO,16,127.2
ts10,GA,16,41
ts10,ABC,16,41
ts10,SMABC,16,41
ts10,PSO,17,127.2
ts10,GA,17,41
ts10,ABC,17,41
ts10,SMABC,17,41
ts10,PSO,18,127.2
ts10,GA,18,41
ts10,ABC,18,41
ts10,SMABC,18,41
ts10,PSO,19,127.2
ts10,GA,19,41
ts10,ABC,19,41
ts10,SMABC,19,41
ts10,PSO,20,123.5
ts10,GA,20,41
ts10,ABC,20,41
ts10,SMABC,20,41
ts10,PSO,21,123.5
ts10,GA,21,41
ts10,ABC,21,41
ts10,SMABC,21,41
ts10,PSO,22,120
ts10,GA,22,41
ts10,ABC,22,41
ts10,SMABC,22,41
ts10,PSO,23,120
ts10,GA,23,41
ts10,ABC,23,41
ts10,SMABC,23,41
ts10,PSO,24,120
ts10,GA,24,41
ts10,ABC,24,41
ts10,SMABC,24,41
ts10,PSO,25,119.8
ts10,GA,25,41
ts10,ABC,25,41
ts10,SMABC,25,41
ts10,PSO,26,115.7
ts10,GA,26,41
ts10,ABC,26,41
ts10,SMABC,26,41
ts10,PSO,27,115.7
ts10,GA,27,41
ts10,ABC,27,41
ts10,SMABC,27,41
ts10,PSO,28,111.6
ts10,GA,28,41
ts10,ABC,28,41
ts10,SMABC,28,41
ts10,PSO,29,111.6
ts10,GA,29,41
ts10,ABC,29,41
ts10,SMABC,29,41
ts10,PSO,30,111.6
ts10,GA,30,41
ts10,ABC,30,41
ts10,SMABC,30,41
ts10,PSO,31,109.8
ts10,GA,31,41
ts10,ABC,31,41
ts10,SMABC,31,41
ts10,PSO,32,109.8
ts10,GA,32,41
ts10,ABC,32,41
ts10,SMABC,32,41
ts10,PSO,33,109.8
ts10,GA,33,41
ts10,ABC,33,41
ts10,SMABC,33,41
ts10,PSO,34,109.8
ts10,GA,34,41
ts10,ABC,34,41
ts10,SMABC,34,41
ts10,PSO,35,109.8
ts10,GA,35,41
ts10,ABC,35,41
ts10,SMABC,35,41
ts10,PSO,36,109.8
ts10,GA,36,41
ts10,ABC,36,41
ts10,SMABC,36,41
ts10,PSO,37,109.8
ts10,GA,37,41
ts10,ABC,37,41
ts10,SMABC,37,41
ts10,PSO,38,109.8
ts10,GA,38,41
ts10,ABC,38,41
ts10,SMABC,38,41
ts10,PSO,39,109.8
ts10,GA,39,41
ts10,ABC,39,41
ts10,SMABC,39,41
ts10,PSO,40,101.7
ts10,GA,40,41
ts10,ABC,40,41
ts10,SMABC,40,41
ts10,PSO,41,101.7
ts10,GA,41,41
ts10,ABC,41,41
ts10,SMABC,41,41
ts10,PSO,42,101.7
ts10,GA,42,41
ts10,ABC,42,41
ts10,SMABC,42,41
ts10,PSO,43,101.7
ts10,GA,43,41
ts10,ABC,43,41
ts10,SMABC,43,41
ts10,PSO,44,101.7
ts10,GA,44,41
ts10,ABC,44,41
ts10,SMABC,44,41
ts10,PSO,45,101.7
ts10,GA,45,41
ts10,ABC,45,41
ts10,SMABC,45,41
ts10,PSO,46,97.6
ts10,GA,46,41
ts10,ABC,46,41
ts10,SMABC,46,41
ts10,PSO,47,97.6
ts10,GA,47,41
ts10,ABC,47,41
ts10,SMABC,47,41
ts10,PSO,48,97.6
ts10,GA,48,41
ts10,ABC,48,41
ts10,SMABC,48,41
ts10,PSO,49,93.5
ts10,GA,49,41
ts10,ABC,49,41
ts10,SMABC,49,41
ts10,PSO,50,93.5
ts10,GA,50,41
ts10,ABC,50,41
ts10,SMABC,50,41
